legacy,transfers,cache_hits,class_counts,fetch_errors,raw_evidence,parser_errors,profit_factor,total_pnl_usd,parser_version,unknown_events,wallet_address,active_utc_days,closed_episodes,criteria_failed,losing_episodes,pages_requested,pricing_version,budget_exhausted,candidate_source,history_complete,network_fees_sol,normalized_swaps,realized_pnl_usd,estimated_credits,open_pnl_mark_usd,position_episodes,priced_swap_count,provider_requests,all_reject_reasons,failed_transactions,priced_notional_usd,transfer_only_mints,distinct_risk_tokens,dust_closed_episodes,history_requested_to,newest_observed_time,oldest_observed_time,pagination_exhausted,rent_deposit_net_sol,signatures_in_window,discovery_token_mints,primary_reject_reason,unknown_cost_episodes,history_requested_from,candidate_discovered_at,largest_token_share_bps,open_pnl_zero_floor_usd,successful_transactions,pnl_excluding_best_token,unpriced_material_events,unknown_opening_inventory,unresolved_external_transfers,median_closed_episode_cost_usd,pnl_excluding_discovery_tokens,largest_winner_share_of_gross_profit
"{""status"": ""REJECTED"", ""reasons"": [""closed episodes 18 < 30"", ""distinct tokens 2 < 20"", ""single token share 5617 bps"", ""history truncated or unavailable (coverage unknown)""], ""total_pnl_usd"": ""186.748757950311058825666692"", ""closed_episodes"": 18}",0,0,{},0,"{""signature_scan_id"": ""1"", ""cached_transactions"": 0}",0,,,extractor v1; balance-normalizer v1,0,13KpWKeEMP7YGWXcZoF7bvqJtF27WFYGkJXhXJrH6y6T,0,0,"[""global budget left 284 < 1330 (deferred, not scored)""]",0,2,"binance-1m-open:SOLUSDT,USDCUSDT;USDT=USD parity;v1",True,observed_buyer,False,0,0,,1330,,0,0,0,"[""HISTORY_INCOMPLETE""]",4,,0,0,0,2026-09-28T13:49:11.000Z,2026-09-28T13:29:02.000Z,2026-08-29T09:41:34.000Z,True,0,1334,"[""XsoCS1TfEyfFhfvj8EtZ528L3CaKBDBRqRapnBbDF2W""]",HISTORY_INCOMPLETE,0,2026-08-29T13:49:11.000Z,2026-09-28T12:22:00.234Z,,,1330,,0,0,0,,,
"{""status"": ""REJECTED"", ""reasons"": [""closed episodes 5 < 30"", ""distinct tokens 1 < 20"", ""active days 3 < 7"", ""losing episodes 3 < 5 (profit factor not meaningful)"", ""profit factor 1.13 < 1.2"", ""single token share 10000 bps""], ""total_pnl_usd"": ""0.09668385796"", ""closed_episodes"": 5}",0,0,{},0,"{""signature_scan_id"": ""2"", ""cached_transactions"": 0}",0,,,extractor v1; balance-normalizer v1,0,28QcbB4f8EB5jk7Uquzdh4nU2rhh91aXPQggwaxELc9X,0,0,"[""2320 transactions in window > per-wallet budget 2000 (deferred, not scored)""]",0,3,"binance-1m-open:SOLUSDT,USDCUSDT;USDT=USD parity;v1",True,observed_buyer,False,0,0,,2320,,0,0,0,"[""HISTORY_INCOMPLETE""]",20,,0,0,0,2026-09-28T13:49:11.000Z,2026-09-28T12:12:01.000Z,2026-08-29T10:56:34.000Z,True,0,2340,"[""BPxxfRCXkUVhig4HS1Lh7kZqV6SPJhzfEk4x6fVBjPCy""]",HISTORY_INCOMPLETE,0,2026-08-29T13:49:11.000Z,2026-09-28T12:06:53.638Z,,,2320,,0,0,0,,,
"{""status"": ""REJECTED"", ""reasons"": [""closed episodes 0 < 30"", ""distinct tokens 0 < 20"", ""active days 1 < 7"", ""coverage 426 bps < 9000"", ""total PnL -4.42 USD not positive"", ""profit factor 0.00 < 1.2"", ""single token share null bps"", ""history truncated or unavailable (coverage unknown)""], ""total_pnl_usd"": ""-4.423427530861708965268"", ""closed_episodes"": 0}",0,0,{},0,"{""signature_scan_id"": ""7"", ""cached_transactions"": 0}",0,,,extractor v1; balance-normalizer v1,0,2QfBNK2WDwSLoUQRb1zAnp3KM12N9hQ8q6ApwUMnWW2T,0,0,"[""signature scan stopped after 10 pages before reaching the window start""]",0,10,"binance-1m-open:SOLUSDT,USDCUSDT;USDT=USD parity;v1",False,observed_buyer,False,0,0,,474,,0,0,0,"[""HISTORY_INCOMPLETE""]",9524,,0,0,0,2026-09-28T13:49:11.000Z,2026-09-28T13:49:13.000Z,2026-09-28T12:37:30.000Z,False,0,9998,"[""SKHYhSjuRWHgikq8eRKbtBbpABgJSkd7ytQV14i9EQ3""]",HISTORY_INCOMPLETE,0,2026-08-29T13:49:11.000Z,2026-09-28T12:12:19.173Z,,,474,,0,0,0,,,
"{""status"": ""REJECTED"", ""reasons"": [""total PnL -13615.07 USD not positive"", ""profit factor 0.16 < 1.2"", ""single token share 4730 bps"", ""history truncated or unavailable (coverage unknown)""], ""total_pnl_usd"": ""-13615.0657734379167295117035913602"", ""closed_episodes"": 68}",0,0,{},0,"{""signature_scan_id"": ""8"", ""cached_transactions"": 0}",0,,,extractor v1; balance-normalizer v1,0,2Rcctdmh6opM47L2o5bP35RNHigtqTmyksFEzVrFrRyD,0,0,"[""global budget left 284 < 1381 (deferred, not scored)""]",0,2,"binance-1m-open:SOLUSDT,USDCUSDT;USDT=USD parity;v1",True,observed_buyer,False,0,0,,1381,,0,0,0,"[""HISTORY_INCOMPLETE""]",253,,0,0,0,2026-09-28T13:49:11.000Z,2026-09-28T13:28:44.000Z,2026-08-28T21:56:30.000Z,True,0,1634,"[""Ai66LHZG9MCzg1WKdawwqduVAXpNDUuV8M3uyq5ppump""]",HISTORY_INCOMPLETE,0,2026-08-29T13:49:11.000Z,2026-09-28T12:22:00.234Z,,,1381,,0,0,0,,,
"{""status"": ""REJECTED"", ""reasons"": [""closed episodes 0 < 30"", ""distinct tokens 0 < 20"", ""active days 0 < 7"", ""coverage 0 bps < 9000"", ""total PnL 0.00 USD not positive"", ""losing episodes 0 < 5 (profit factor not meaningful)"", ""profit factor n/a < 1.2"", ""single token share null bps"", ""history truncated or unavailable (coverage unknown)""], ""total_pnl_usd"": ""0"", ""closed_episodes"": 0}",0,0,{},0,"{""signature_scan_id"": ""11"", ""cached_transactions"": 0}",0,,,extractor v1; balance-normalizer v1,0,2VWpqBLNetZpSwLCVHWUGiDHT8RGn5nCsRZYNgxDoyQA,0,0,"[""global budget left 284 < 1118 (deferred, not scored)""]",0,2,"binance-1m-open:SOLUSDT,USDCUSDT;USDT=USD parity;v1",True,observed_buyer,False,0,0,,1118,,0,0,0,"[""HISTORY_INCOMPLETE""]",1,,0,0,0,2026-09-28T13:49:11.000Z,2026-09-28T12:14:35.000Z,2026-08-29T06:08:20.000Z,True,0,1119,"[""98kfF7rmsg1QDUEoCqNE7g7M1FdrTt92TEp2CLzypump""]",HISTORY_INCOMPLETE,0,2026-08-29T13:49:11.000Z,2026-09-28T12:12:19.173Z,,,1118,,0,0,0,,,
"{""status"": ""REJECTED"", ""reasons"": [""closed episodes 2 < 30"", ""distinct tokens 2 < 20"", ""active days 1 < 7"", ""total PnL -45.28 USD not positive"", ""profit factor 0.70 < 1.2"", ""single token share 7750 bps"", ""history truncated or unavailable (coverage unknown)""], ""total_pnl_usd"": ""-45.2790186971438552099707066"", ""closed_episodes"": 2}",0,0,{},0,"{""signature_scan_id"": ""4"", ""cached_transactions"": 0}",0,,,extractor v1; balance-normalizer v1,0,2hfmUnqy77e8wjQqi8oNhxtbnTjTs2bALoamLS6jjX3x,0,0,"[""signature scan stopped after 10 pages before reaching the window start""]",0,10,"binance-1m-open:SOLUSDT,USDCUSDT;USDT=USD parity;v1",False,observed_buyer,False,0,0,,8288,,0,0,0,"[""HISTORY_INCOMPLETE""]",1712,,0,0,0,2026-09-28T13:49:11.000Z,2026-09-28T13:49:11.000Z,2026-09-27T11:03:41.000Z,False,0,10000,"[""6GmAFSYs4gk3FDao5FzzySQpPZaWsa4rUJHacpMpUNgx""]",HISTORY_INCOMPLETE,0,2026-08-29T13:49:11.000Z,2026-09-28T12:12:19.173Z,,,8288,,0,0,0,,,
"{""status"": ""REJECTED"", ""reasons"": [""active days 6 < 7"", ""total PnL -358.09 USD not positive"", ""profit factor 0.59 < 1.2"", ""history truncated or unavailable (coverage unknown)""], ""total_pnl_usd"": ""-358.091881873977276181244125856"", ""closed_episodes"": 228}",0,0,{},0,"{""signature_scan_id"": ""6"", ""cached_transactions"": 0}",0,,,extractor v1; balance-normalizer v1,0,2kdympsifycTdQd8DLh2ZQEoEJeNGfuyCt17JdFWzBgy,0,0,"[""5032 transactions in window > per-wallet budget 2000 (deferred, not scored)""]",0,6,"binance-1m-open:SOLUSDT,USDCUSDT;USDT=USD parity;v1",True,observed_buyer,False,0,0,,5032,,0,0,0,"[""HISTORY_INCOMPLETE""]",36,,0,0,0,2026-09-28T13:49:11.000Z,2026-09-28T13:33:25.000Z,2026-08-28T22:53:35.000Z,True,0,5068,"[""CbcyNo7m1amFWqEQm2m4PLv1UNvpcL3C1Ujm6AkzpKoU""]",HISTORY_INCOMPLETE,0,2026-08-29T13:49:11.000Z,2026-09-28T12:22:00.234Z,,,5032,,0,0,0,,,
"{""status"": ""REJECTED"", ""reasons"": [""closed episodes 0 < 30"", ""distinct tokens 0 < 20"", ""active days 0 < 7"", ""coverage 0 bps < 9000"", ""total PnL 0.00 USD not positive"", ""losing episodes 0 < 5 (profit factor not meaningful)"", ""profit factor n/a < 1.2"", ""single token share null bps"", ""history truncated or unavailable (coverage unknown)""], ""total_pnl_usd"": ""0"", ""closed_episodes"": 0}",0,0,{},0,"{""signature_scan_id"": ""13"", ""cached_transactions"": 0}",0,,,extractor v1; balance-normalizer v1,0,2z2q5gk8TDgqCidzkXkyevXH1aDaVjWL8cQwoRbMF1Jq,0,0,"[""signature scan stopped after 10 pages before reaching the window start""]",0,10,"binance-1m-open:SOLUSDT,USDCUSDT;USDT=USD parity;v1",False,observed_buyer,False,0,0,,9965,,0,0,0,"[""HISTORY_INCOMPLETE""]",33,,0,0,0,2026-09-28T13:49:11.000Z,2026-09-28T13:49:15.000Z,2026-09-27T21:23:07.000Z,False,0,9998,"[""CbcyNo7m1amFWqEQm2m4PLv1UNvpcL3C1Ujm6AkzpKoU""]",HISTORY_INCOMPLETE,0,2026-08-29T13:49:11.000Z,2026-09-28T12:06:53.638Z,,,9965,,0,0,0,,,
"{""status"": ""REJECTED"", ""reasons"": [""closed episodes 21 < 30"", ""distinct tokens 1 < 20"", ""active days 3 < 7"", ""single token share 10000 bps"", ""history truncated or unavailable (coverage unknown)""], ""total_pnl_usd"": ""712.23714416811130800263833"", ""closed_episodes"": 21}",0,0,{},0,"{""signature_scan_id"": ""15"", ""cached_transactions"": 0}",0,,,extractor v1; balance-normalizer v1,0,35SGPwFuRJpzQdaG1n7onedyW34Bbb5DVTzQbYK7hAmk,0,0,"[""9787 transactions in window > per-wallet budget 2000 (deferred, not scored)""]",0,10,"binance-1m-open:SOLUSDT,USDCUSDT;USDT=USD parity;v1",True,observed_buyer,False,0,0,,9787,,0,0,0,"[""HISTORY_INCOMPLETE""]",45,,0,0,0,2026-09-28T13:49:11.000Z,2026-09-28T13:49:02.000Z,2026-08-29T11:52:17.000Z,True,0,9832,"[""4k3Dyjzvzp8eMZWUXbBCjEvwSkkk59S5iCNLY3QrkX6R""]",HISTORY_INCOMPLETE,0,2026-08-29T13:49:11.000Z,2026-09-28T12:22:00.234Z,,,9787,,0,0,0,,,
"{""status"": ""REJECTED"", ""reasons"": [""closed episodes 0 < 30"", ""distinct tokens 0 < 20"", ""active days 0 < 7"", ""coverage 0 bps < 9000"", ""total PnL 0.00 USD not positive"", ""losing episodes 0 < 5 (profit factor not meaningful)"", ""profit factor n/a < 1.2"", ""single token share null bps"", ""history truncated or unavailable (coverage unknown)""], ""total_pnl_usd"": ""0"", ""closed_episodes"": 0}",0,0,{},0,"{""signature_scan_id"": ""18"", ""cached_transactions"": 0}",0,,,extractor v1; balance-normalizer v1,0,3K7XMbqvFTKT211Dqu8tXC1iK5vmQQ2MZp5mxSdEzWvx,0,0,"[""signature scan stopped after 10 pages before reaching the window start""]",0,10,"binance-1m-open:SOLUSDT,USDCUSDT;USDT=USD parity;v1",False,observed_buyer,False,0,0,,9387,,0,0,0,"[""HISTORY_INCOMPLETE""]",611,,0,0,0,2026-09-28T13:49:11.000Z,2026-09-28T13:49:17.000Z,2026-09-26T00:56:43.000Z,False,0,9998,"[""98kfF7rmsg1QDUEoCqNE7g7M1FdrTt92TEp2CLzypump""]",HISTORY_INCOMPLETE,0,2026-08-29T13:49:11.000Z,2026-09-28T12:12:19.173Z,,,9387,,0,0,0,,,
"{""status"": ""REJECTED"", ""reasons"": [""closed episodes 17 < 30"", ""distinct tokens 12 < 20"", ""coverage 3530 bps < 9000"", ""total PnL -31876.93 USD not positive"", ""profit factor 0.26 < 1.2"", ""history truncated or unavailable (coverage unknown)""], ""total_pnl_usd"": ""-31876.9276657882962519121156901"", ""closed_episodes"": 17}",0,0,{},0,"{""signature_scan_id"": ""17"", ""cached_transactions"": 0}",0,,,extractor v1; balance-normalizer v1,0,3j5z5ERnjuKfiXy7L3c8555G7ron8nUZst1ChgBGrP4s,0,0,"[""global budget left 284 < 1275 (deferred, not scored)""]",0,2,"binance-1m-open:SOLUSDT,USDCUSDT;USDT=USD parity;v1",True,observed_buyer,False,0,0,,1275,,0,0,0,"[""HISTORY_INCOMPLETE""]",49,,0,0,0,2026-09-28T13:49:11.000Z,2026-09-28T13:18:56.000Z,2026-08-29T13:48:06.000Z,True,0,1324,"[""3iUTyNYW6xKv5kZUjtbrEDTsuJTrSVwvB3bQtxkLpump""]",HISTORY_INCOMPLETE,0,2026-08-29T13:49:11.000Z,2026-09-28T12:22:00.234Z,,,1275,,0,0,0,,,
"{""status"": ""REJECTED"", ""reasons"": [""closed episodes 4 < 30"", ""distinct tokens 2 < 20"", ""active days 3 < 7"", ""total PnL -366.88 USD not positive"", ""profit factor 0.31 < 1.2"", ""single token share 9160 bps"", ""history truncated or unavailable (coverage unknown)""], ""total_pnl_usd"": ""-366.884893016969183554331135"", ""closed_episodes"": 4}",0,0,{},0,"{""signature_scan_id"": ""19"", ""cached_transactions"": 0}",0,,,extractor v1; balance-normalizer v1,0,3mU9sMNn1qtUwf5WKxXEFCZVT6SQ95bx9y6di2dPomNY,0,0,"[""signature scan stopped after 10 pages before reaching the window start""]",0,10,"binance-1m-open:SOLUSDT,USDCUSDT;USDT=USD parity;v1",False,observed_buyer,False,0,0,,5733,,0,0,0,"[""HISTORY_INCOMPLETE""]",4267,,0,0,0,2026-09-28T13:49:11.000Z,2026-09-28T13:48:57.000Z,2026-09-23T14:08:23.000Z,False,0,10000,"[""6GmAFSYs4gk3FDao5FzzySQpPZaWsa4rUJHacpMpUNgx""]",HISTORY_INCOMPLETE,0,2026-08-29T13:49:11.000Z,2026-09-28T12:06:53.638Z,,,5733,,0,0,0,,,
"{""status"": ""REJECTED"", ""reasons"": [""closed episodes 0 < 30"", ""distinct tokens 0 < 20"", ""active days 0 < 7"", ""coverage 0 bps < 9000"", ""total PnL 0.00 USD not positive"", ""losing episodes 0 < 5 (profit factor not meaningful)"", ""profit factor n/a < 1.2"", ""single token share null bps"", ""history truncated or unavailable (coverage unknown)""], ""total_pnl_usd"": ""0"", ""closed_episodes"": 0}",0,0,{},0,"{""signature_scan_id"": ""20"", ""cached_transactions"": 0}",0,,,extractor v1; balance-normalizer v1,0,3sWqFZz4vUmRYzESWG86SrqWAwEy2VqqDKpCvwHiy9PH,0,0,"[""2071 transactions in window > per-wallet budget 2000 (deferred, not scored)""]",0,3,"binance-1m-open:SOLUSDT,USDCUSDT;USDT=USD parity;v1",True,observed_buyer,False,0,0,,2071,,0,0,0,"[""HISTORY_INCOMPLETE""]",5,,0,0,0,2026-09-28T13:49:11.000Z,2026-09-28T12:03:44.000Z,2026-08-27T21:55:31.000Z,True,0,2076,"[""98kfF7rmsg1QDUEoCqNE7g7M1FdrTt92TEp2CLzypump""]",HISTORY_INCOMPLETE,0,2026-08-29T13:49:11.000Z,2026-09-28T12:06:53.638Z,,,2071,,0,0,0,,,
"{""status"": ""REJECTED"", ""reasons"": [""active days 2 < 7"", ""profit factor 1.09 < 1.2"", ""history truncated or unavailable (coverage unknown)""], ""total_pnl_usd"": ""122.610374418750239524203064083"", ""closed_episodes"": 187}",0,0,{},0,"{""signature_scan_id"": ""21"", ""cached_transactions"": 0}",0,,,extractor v1; balance-normalizer v1,0,3t9yw79VFTWGHYE9Eg2GYM3MztQkuo6BXtrVVajSRx1d,0,0,"[""signature scan stopped after 10 pages before reaching the window start""]",0,10,"binance-1m-open:SOLUSDT,USDCUSDT;USDT=USD parity;v1",False,observed_buyer,False,0,0,,9584,,0,0,0,"[""HISTORY_INCOMPLETE""]",416,,0,0,0,2026-09-28T13:49:11.000Z,2026-09-28T13:48:59.000Z,2026-09-15T02:46:39.000Z,False,0,10000,"[""CbcyNo7m1amFWqEQm2m4PLv1UNvpcL3C1Ujm6AkzpKoU""]",HISTORY_INCOMPLETE,0,2026-08-29T13:49:11.000Z,2026-09-28T12:22:00.234Z,,,9584,,0,0,0,,,
"{""status"": ""REJECTED"", ""reasons"": [""closed episodes 10 < 30"", ""distinct tokens 5 < 20"", ""active days 1 < 7"", ""coverage 2363 bps < 9000"", ""losing episodes 0 < 5 (profit factor not meaningful)"", ""profit factor n/a < 1.2"", ""single token share 6302 bps"", ""history truncated or unavailable (coverage unknown)""], ""total_pnl_usd"": ""2047.3386332039965566756782"", ""closed_episodes"": 10}",0,0,{},0,"{""signature_scan_id"": ""24"", ""cached_transactions"": 0}",0,,,extractor v1; balance-normalizer v1,0,44LAEWGzQE3A5ngZ5mnF58ixuhsaFKHYEaJouAV1JimZ,0,0,"[""signature scan stopped after 10 pages before reaching the window start""]",0,10,"binance-1m-open:SOLUSDT,USDCUSDT;USDT=USD parity;v1",False,observed_buyer,False,0,0,,9998,,0,0,0,"[""HISTORY_INCOMPLETE""]",0,,0,0,0,2026-09-28T13:49:11.000Z,2026-09-28T13:49:16.000Z,2026-09-27T03:29:23.000Z,False,0,9998,"[""pumpCmXqMfrsAkQ5r49WcJnRayYRqmXz6ae8H7H9Dfn""]",HISTORY_INCOMPLETE,0,2026-08-29T13:49:11.000Z,2026-09-28T12:22:00.234Z,,,9998,,0,0,0,,,
"{""status"": ""REJECTED"", ""reasons"": [""total PnL -216.35 USD not positive"", ""profit factor 0.72 < 1.2"", ""history truncated or unavailable (coverage unknown)""], ""total_pnl_usd"": ""-216.350224251926015718751213182"", ""closed_episodes"": 42}",0,0,{},0,"{""signature_scan_id"": ""25"", ""cached_transactions"": 0}",0,,,extractor v1; balance-normalizer v1,0,47WcM8BzcpDKzkdEDZehj9y38WecCRLmZP5BNiqX4jiG,0,0,"[""2453 transactions in window > per-wallet budget 2000 (deferred, not scored)""]",0,3,"binance-1m-open:SOLUSDT,USDCUSDT;USDT=USD parity;v1",True,observed_buyer,False,0,0,,2453,,0,0,0,"[""HISTORY_INCOMPLETE""]",39,,0,0,0,2026-09-28T13:49:11.000Z,2026-09-28T13:49:26.000Z,2026-08-29T13:46:31.000Z,True,0,2492,"[""CGfVJX4D35wE8kviKKE1XyKU9EHRXe4Zsw3R55ABpump""]",HISTORY_INCOMPLETE,0,2026-08-29T13:49:11.000Z,2026-09-28T12:12:19.173Z,,,2453,,0,0,0,,,
"{""status"": ""REJECTED"", ""reasons"": [""closed episodes 0 < 30"", ""distinct tokens 0 < 20"", ""active days 1 < 7"", ""coverage 0 bps < 9000"", ""total PnL 0.00 USD not positive"", ""losing episodes 0 < 5 (profit factor not meaningful)"", ""profit factor n/a < 1.2"", ""single token share null bps"", ""history truncated or unavailable (coverage unknown)""], ""total_pnl_usd"": ""0"", ""closed_episodes"": 0}",0,0,{},0,"{""signature_scan_id"": ""26"", ""cached_transactions"": 0}",0,,,extractor v1; balance-normalizer v1,0,4B8srvotmWddTZuMt4RrBQrnx1sQj2Z7FaXgLbWvpVdd,0,0,"[""signature scan stopped after 10 pages before reaching the window start""]",0,10,"binance-1m-open:SOLUSDT,USDCUSDT;USDT=USD parity;v1",False,observed_buyer,False,0,0,,1066,,0,0,0,"[""HISTORY_INCOMPLETE""]",8651,,0,0,0,2026-09-28T13:49:11.000Z,2026-09-28T13:49:28.000Z,2026-09-28T13:36:23.000Z,False,0,9717,"[""3iUTyNYW6xKv5kZUjtbrEDTsuJTrSVwvB3bQtxkLpump""]",HISTORY_INCOMPLETE,0,2026-08-29T13:49:11.000Z,2026-09-28T12:22:00.234Z,,,1066,,0,0,0,,,
"{""status"": ""REJECTED"", ""reasons"": [""closed episodes 1 < 30"", ""distinct tokens 1 < 20"", ""coverage 7268 bps < 9000"", ""total PnL -84.43 USD not positive"", ""losing episodes 2 < 5 (profit factor not meaningful)"", ""profit factor 0.00 < 1.2"", ""single token share null bps"", ""history truncated or unavailable (coverage unknown)""], ""total_pnl_usd"": ""-84.4348115758798094736065"", ""closed_episodes"": 1}",0,0,{},0,"{""signature_scan_id"": ""28"", ""cached_transactions"": 0}",0,,,extractor v1; balance-normalizer v1,0,4CRqeRazoQEHNsxSdERH6RPqfKy8FDfaycdjhkF9PELA,0,0,"[""2307 transactions in window > per-wallet budget 2000 (deferred, not scored)""]",0,3,"binance-1m-open:SOLUSDT,USDCUSDT;USDT=USD parity;v1",True,observed_buyer,False,0,0,,2307,,0,0,0,"[""HISTORY_INCOMPLETE""]",4,,0,0,0,2026-09-28T13:49:11.000Z,2026-09-28T12:24:07.000Z,2026-08-29T03:35:07.000Z,True,0,2311,"[""JUPyiwrYJFskUPiHa7hkeR8VUtAeFoSYbKedZNsDvCN""]",HISTORY_INCOMPLETE,0,2026-08-29T13:49:11.000Z,2026-09-28T12:12:19.173Z,,,2307,,0,0,0,,,
"{""status"": ""REJECTED"", ""reasons"": [""closed episodes 0 < 30"", ""distinct tokens 0 < 20"", ""active days 0 < 7"", ""coverage 0 bps < 9000"", ""total PnL 0.00 USD not positive"", ""losing episodes 0 < 5 (profit factor not meaningful)"", ""profit factor n/a < 1.2"", ""single token share null bps"", ""history truncated or unavailable (coverage unknown)""], ""total_pnl_usd"": ""0"", ""closed_episodes"": 0}",0,0,{},0,"{""signature_scan_id"": ""29"", ""cached_transactions"": 0}",0,,,extractor v1; balance-normalizer v1,0,4DcT8f8V59tyGrfSvGGdBtYyx4BYjYx2RVLQv5NaSYqU,0,0,"[""signature scan stopped after 10 pages before reaching the window start""]",0,10,"binance-1m-open:SOLUSDT,USDCUSDT;USDT=USD parity;v1",False,observed_buyer,False,0,0,,6158,,0,0,0,"[""HISTORY_INCOMPLETE""]",3842,,0,0,0,2026-09-28T13:49:11.000Z,2026-09-28T12:12:14.000Z,2026-09-27T18:54:22.000Z,False,0,10000,"[""CbcyNo7m1amFWqEQm2m4PLv1UNvpcL3C1Ujm6AkzpKoU""]",HISTORY_INCOMPLETE,0,2026-08-29T13:49:11.000Z,2026-09-28T12:12:19.173Z,,,6158,,0,0,0,,,
"{""status"": ""REJECTED"", ""reasons"": [""closed episodes 0 < 30"", ""distinct tokens 0 < 20"", ""active days 0 < 7"", ""coverage 0 bps < 9000"", ""total PnL 0.00 USD not positive"", ""losing episodes 0 < 5 (profit factor not meaningful)"", ""profit factor n/a < 1.2"", ""single token share null bps"", ""history truncated or unavailable (coverage unknown)""], ""total_pnl_usd"": ""0"", ""closed_episodes"": 0}",0,0,{},0,"{""signature_scan_id"": ""31"", ""cached_transactions"": 0}",0,,,extractor v1; balance-normalizer v1,0,4E1N6KsDzhPKjPdMHiwvLZmGAPVT6YNofJ5nu8Qr3V6n,0,0,"[""3676 transactions in window > per-wallet budget 2000 (deferred, not scored)""]",0,4,"binance-1m-open:SOLUSDT,USDCUSDT;USDT=USD parity;v1",True,observed_buyer,False,0,0,,3676,,0,0,0,"[""HISTORY_INCOMPLETE""]",42,,0,0,0,2026-09-28T13:49:11.000Z,2026-09-28T13:17:49.000Z,2026-08-29T08:30:15.000Z,True,0,3718,"[""6GmAFSYs4gk3FDao5FzzySQpPZaWsa4rUJHacpMpUNgx""]",HISTORY_INCOMPLETE,0,2026-08-29T13:49:11.000Z,2026-09-28T12:06:53.638Z,,,3676,,0,0,0,,,
"{""status"": ""REJECTED"", ""reasons"": [""closed episodes 0 < 30"", ""distinct tokens 0 < 20"", ""active days 0 < 7"", ""coverage 0 bps < 9000"", ""total PnL 0.00 USD not positive"", ""losing episodes 0 < 5 (profit factor not meaningful)"", ""profit factor n/a < 1.2"", ""single token share null bps"", ""history truncated or unavailable (coverage unknown)""], ""total_pnl_usd"": ""0"", ""closed_episodes"": 0}",0,0,{},0,"{""signature_scan_id"": ""34"", ""cached_transactions"": 0}",0,,,extractor v1; balance-normalizer v1,0,4GQeEya6ZTwvXre4Br6ZfDyfe2WQMkcDz2QbkJZazVqS,0,0,"[""signature scan stopped after 10 pages before reaching the window start""]",0,10,"binance-1m-open:SOLUSDT,USDCUSDT;USDT=USD parity;v1",False,observed_buyer,False,0,0,,1233,,0,0,0,"[""HISTORY_INCOMPLETE""]",8747,,0,0,0,2026-09-28T13:49:11.000Z,2026-09-28T13:49:18.000Z,2026-09-28T10:08:00.000Z,False,0,9980,"[""Dz9mQ9NzkBcCsuGPFJ3r1bS4wgqKMHBPiVuniW8Mbonk""]",HISTORY_INCOMPLETE,0,2026-08-29T13:49:11.000Z,2026-09-28T12:12:19.173Z,,,1233,,0,0,0,,,
"{""status"": ""REJECTED"", ""reasons"": [""closed episodes 0 < 30"", ""distinct tokens 0 < 20"", ""active days 1 < 7"", ""coverage 0 bps < 9000"", ""total PnL 0.00 USD not positive"", ""losing episodes 0 < 5 (profit factor not meaningful)"", ""profit factor n/a < 1.2"", ""single token share null bps"", ""history truncated or unavailable (coverage unknown)""], ""total_pnl_usd"": ""0"", ""closed_episodes"": 0}",0,0,{},0,"{""signature_scan_id"": ""41"", ""cached_transactions"": 0}",0,,,extractor v1; balance-normalizer v1,0,4XBqViD1XYF1qHrErrsXBzDrCapvP9fEFX4LPjXZi9YU,0,0,"[""signature scan stopped after 10 pages before reaching the window start""]",0,10,"binance-1m-open:SOLUSDT,USDCUSDT;USDT=USD parity;v1",False,observed_buyer,False,0,0,,1090,,0,0,0,"[""HISTORY_INCOMPLETE""]",8408,,0,0,0,2026-09-28T13:49:11.000Z,2026-09-28T13:49:42.000Z,2026-09-28T13:36:57.000Z,False,0,9498,"[""2zMMhcVQEXDtdE6vsFS7S7D5oUodfJHE8vd1gnBouauv"", ""JUPyiwrYJFskUPiHa7hkeR8VUtAeFoSYbKedZNsDvCN"", ""6p6xgHyF7AeE6TZkSmFsko444wqoP15icUSqi2jfGiPN"", ""3ZLekZYq2qkZiSpnSvabjit34tUkjSwD1JFuW9as9wBG""]",HISTORY_INCOMPLETE,0,2026-08-29T13:49:11.000Z,2026-09-28T12:12:19.173Z,,,1090,,0,0,0,,,
"{""status"": ""REJECTED"", ""reasons"": [""active days 5 < 7"", ""coverage 5981 bps < 9000"", ""total PnL -95.33 USD not positive"", ""profit factor 0.07 < 1.2"", ""infrastructure role"", ""history truncated or unavailable (coverage unknown)""], ""total_pnl_usd"": ""-95.3286487253747318966790290433"", ""closed_episodes"": 121}",0,0,{},0,"{""signature_scan_id"": ""35"", ""cached_transactions"": 0}",0,,,extractor v1; balance-normalizer v1,0,4isLEdGPvUtHejKdypHgxM6KjcgRKzqGdi8FgFTC4d7R,0,0,"[""5001 transactions in window > per-wallet budget 2000 (deferred, not scored)""]",0,6,"binance-1m-open:SOLUSDT,USDCUSDT;USDT=USD parity;v1",True,observed_buyer,False,0,0,,5001,,0,0,0,"[""HISTORY_INCOMPLETE""]",11,,0,0,0,2026-09-28T13:49:11.000Z,2026-09-28T11:13:28.000Z,2026-08-29T13:47:30.000Z,True,0,5012,"[""CGfVJX4D35wE8kviKKE1XyKU9EHRXe4Zsw3R55ABpump""]",HISTORY_INCOMPLETE,0,2026-08-29T13:49:11.000Z,2026-09-28T12:12:19.173Z,,,5001,,0,0,0,,,
"{""status"": ""REJECTED"", ""reasons"": [""closed episodes 15 < 30"", ""distinct tokens 8 < 20"", ""active days 1 < 7"", ""coverage 5649 bps < 9000"", ""single token share 4103 bps"", ""history truncated or unavailable (coverage unknown)""], ""total_pnl_usd"": ""152.8074752108018393176368505"", ""closed_episodes"": 15}",0,0,{},0,"{""signature_scan_id"": ""36"", ""cached_transactions"": 0}",0,,,extractor v1; balance-normalizer v1,0,4jjEXcFPXw7WVGXSTb227HW6wfLprjh2RtiHty4GbetE,0,0,"[""signature scan stopped after 10 pages before reaching the window start""]",0,10,"binance-1m-open:SOLUSDT,USDCUSDT;USDT=USD parity;v1",False,observed_buyer,False,0,0,,7827,,0,0,0,"[""HISTORY_INCOMPLETE""]",2161,,0,0,0,2026-09-28T13:49:11.000Z,2026-09-28T13:49:36.000Z,2026-09-28T07:27:11.000Z,False,0,9988,"[""cbbtcf3aa214zXHbiAZQwf4122FBYbraNdFqgw4iMij"", ""JUPyiwrYJFskUPiHa7hkeR8VUtAeFoSYbKedZNsDvCN"", ""27G8MtK7VtTcCHkpASjSDdkWWYfoqT6ggEuKidVJidD4""]",HISTORY_INCOMPLETE,0,2026-08-29T13:49:11.000Z,2026-09-28T12:06:53.638Z,,,7827,,0,0,0,,,
"{""status"": ""REJECTED"", ""reasons"": [""closed episodes 0 < 30"", ""distinct tokens 0 < 20"", ""active days 0 < 7"", ""coverage 0 bps < 9000"", ""total PnL 0.00 USD not positive"", ""losing episodes 0 < 5 (profit factor not meaningful)"", ""profit factor n/a < 1.2"", ""single token share null bps"", ""history truncated or unavailable (coverage unknown)""], ""total_pnl_usd"": ""0"", ""closed_episodes"": 0}",0,0,{},0,"{""signature_scan_id"": ""39"", ""cached_transactions"": 0}",0,,,extractor v1; balance-normalizer v1,0,4ur8bhB8fX4jn7BWCR7QSqsyVLbm73e3Fnyj1yLMmmhc,0,0,"[""3888 transactions in window > per-wallet budget 2000 (deferred, not scored)""]",0,5,"binance-1m-open:SOLUSDT,USDCUSDT;USDT=USD parity;v1",True,observed_buyer,False,0,0,,3888,,0,0,0,"[""HISTORY_INCOMPLETE""]",219,,0,0,0,2026-09-28T13:49:11.000Z,2026-09-28T13:49:40.000Z,2026-07-11T10:03:19.000Z,True,0,4107,"[""CbcyNo7m1amFWqEQm2m4PLv1UNvpcL3C1Ujm6AkzpKoU""]",HISTORY_INCOMPLETE,0,2026-08-29T13:49:11.000Z,2026-09-28T12:12:19.173Z,,,3888,,0,0,0,,,
"{""status"": ""REJECTED"", ""reasons"": [""closed episodes 0 < 30"", ""distinct tokens 0 < 20"", ""active days 0 < 7"", ""coverage 0 bps < 9000"", ""total PnL 0.00 USD not positive"", ""losing episodes 0 < 5 (profit factor not meaningful)"", ""profit factor n/a < 1.2"", ""single token share null bps"", ""history truncated or unavailable (coverage unknown)""], ""total_pnl_usd"": ""0"", ""closed_episodes"": 0}",0,0,{},0,"{""signature_scan_id"": ""43"", ""cached_transactions"": 0}",0,,,extractor v1; balance-normalizer v1,0,52Xv94zeTfMhnv9Ns88bWkhpYQdDpKinmJkQYZwkBaiR,0,0,"[""signature scan stopped after 10 pages before reaching the window start""]",0,10,"binance-1m-open:SOLUSDT,USDCUSDT;USDT=USD parity;v1",False,observed_buyer,False,0,0,,4735,,0,0,0,"[""HISTORY_INCOMPLETE""]",5258,,0,0,0,2026-09-28T13:49:11.000Z,2026-09-28T13:49:31.000Z,2026-09-25T23:18:29.000Z,False,0,9993,"[""3ZLekZYq2qkZiSpnSvabjit34tUkjSwD1JFuW9as9wBG""]",HISTORY_INCOMPLETE,0,2026-08-29T13:49:11.000Z,2026-09-28T12:12:19.173Z,,,4735,,0,0,0,,,
"{""status"": ""REJECTED"", ""reasons"": [""distinct tokens 10 < 20"", ""coverage 8716 bps < 9000"", ""single token share 7970 bps"", ""history truncated or unavailable (coverage unknown)""], ""total_pnl_usd"": ""9223.03957097221945886525627636"", ""closed_episodes"": 94}",0,0,{},0,"{""signature_scan_id"": ""42"", ""cached_transactions"": 0}",0,,,extractor v1; balance-normalizer v1,0,52xeuVQELbx1aHV64PMRX9dv94KvAEPHkgkTRhkSbT9P,0,0,"[""5625 transactions in window > per-wallet budget 2000 (deferred, not scored)""]",0,7,"binance-1m-open:SOLUSDT,USDCUSDT;USDT=USD parity;v1",True,observed_buyer,False,0,0,,5625,,0,0,0,"[""HISTORY_INCOMPLETE""]",521,,0,0,0,2026-09-28T13:49:11.000Z,2026-09-28T13:42:17.000Z,2026-08-29T13:48:57.000Z,True,0,6146,"[""98sMhvDwXj1RQi5c5Mndm3vPe9cBqPrbLaufMXFNMh5g""]",HISTORY_INCOMPLETE,0,2026-08-29T13:49:11.000Z,2026-09-28T12:22:00.234Z,,,5625,,0,0,0,,,
"{""status"": ""REJECTED"", ""reasons"": [""closed episodes 0 < 30"", ""distinct tokens 0 < 20"", ""active days 0 < 7"", ""coverage 0 bps < 9000"", ""total PnL 0.00 USD not positive"", ""losing episodes 0 < 5 (profit factor not meaningful)"", ""profit factor n/a < 1.2"", ""single token share null bps"", ""history truncated or unavailable (coverage unknown)""], ""total_pnl_usd"": ""0"", ""closed_episodes"": 0}",0,0,{},0,"{""signature_scan_id"": ""48"", ""cached_transactions"": 0}",0,,,extractor v1; balance-normalizer v1,0,5wtbNQvY2sjLDcMya1WAA4S2jjnNFeT2MAUWS3DiQ3VG,0,0,"[""signature scan stopped after 10 pages before reaching the window start""]",0,10,"binance-1m-open:SOLUSDT,USDCUSDT;USDT=USD parity;v1",False,observed_buyer,False,0,0,,3836,,0,0,0,"[""HISTORY_INCOMPLETE""]",6164,,0,0,0,2026-09-28T13:49:11.000Z,2026-09-28T13:49:07.000Z,2026-09-19T17:57:00.000Z,False,0,10000,"[""6GmAFSYs4gk3FDao5FzzySQpPZaWsa4rUJHacpMpUNgx""]",HISTORY_INCOMPLETE,0,2026-08-29T13:49:11.000Z,2026-09-28T12:06:53.638Z,,,3836,,0,0,0,,,
"{""status"": ""REJECTED"", ""reasons"": [""history truncated or unavailable (coverage unknown)""], ""total_pnl_usd"": ""30188.93161120321"", ""closed_episodes"": 207}",0,0,{},0,"{""signature_scan_id"": ""50"", ""cached_transactions"": 0}",0,,,extractor v1; balance-normalizer v1,0,5yBFrJcjxG2Mh3jHQpxbmpvucQjeFZc817yJ5YdW1tyT,0,0,"[""global budget left 284 < 1827 (deferred, not scored)""]",0,2,"binance-1m-open:SOLUSDT,USDCUSDT;USDT=USD parity;v1",True,observed_buyer,False,0,0,,1827,,0,0,0,"[""HISTORY_INCOMPLETE""]",94,,0,0,0,2026-09-28T13:49:11.000Z,2026-09-28T12:20:20.000Z,2026-08-28T14:48:41.000Z,True,0,1921,"[""CGfVJX4D35wE8kviKKE1XyKU9EHRXe4Zsw3R55ABpump""]",HISTORY_INCOMPLETE,0,2026-08-29T13:49:11.000Z,2026-09-28T12:12:19.173Z,,,1827,,0,0,0,,,
"{""status"": ""REJECTED"", ""reasons"": [""closed episodes 1 < 30"", ""distinct tokens 1 < 20"", ""coverage 1732 bps < 9000"", ""losing episodes 2 < 5 (profit factor not meaningful)"", ""single token share 10000 bps"", ""infrastructure role"", ""history truncated or unavailable (coverage unknown)""], ""total_pnl_usd"": ""2.665782726142981222913056"", ""closed_episodes"": 1}",0,0,{},0,"{""signature_scan_id"": ""54"", ""cached_transactions"": 0}",0,,,extractor v1; balance-normalizer v1,0,6D23qacZMgLWTpe7mPTdTp8fDyHPoz7C5JDtLUGJTGg7,0,0,"[""global budget left 284 < 1474 (deferred, not scored)""]",0,2,"binance-1m-open:SOLUSDT,USDCUSDT;USDT=USD parity;v1",True,observed_buyer,False,0,0,,1474,,0,0,0,"[""HISTORY_INCOMPLETE""]",6,,0,0,0,2026-09-28T13:49:11.000Z,2026-09-28T12:37:24.000Z,2026-08-29T08:32:02.000Z,True,0,1480,"[""6p6xgHyF7AeE6TZkSmFsko444wqoP15icUSqi2jfGiPN""]",HISTORY_INCOMPLETE,0,2026-08-29T13:49:11.000Z,2026-09-28T12:22:00.234Z,,,1474,,0,0,0,,,
"{""status"": ""REJECTED"", ""reasons"": [""closed episodes 27 < 30"", ""active days 1 < 7"", ""total PnL -737.88 USD not positive"", ""profit factor 0.27 < 1.2"", ""single token share 5265 bps"", ""history truncated or unavailable (coverage unknown)""], ""total_pnl_usd"": ""-737.882420764649940243768728108"", ""closed_episodes"": 27}",0,0,{},0,"{""signature_scan_id"": ""62"", ""cached_transactions"": 0}",0,,,extractor v1; balance-normalizer v1,0,6Qt8a3Y6B4nekSRQ1p2e5yqP5bSCbE6HzUTdWwdfYXmR,0,0,"[""signature scan stopped after 10 pages before reaching the window start""]",0,10,"binance-1m-open:SOLUSDT,USDCUSDT;USDT=USD parity;v1",False,observed_buyer,False,0,0,,9562,,0,0,0,"[""HISTORY_INCOMPLETE""]",427,,0,0,0,2026-09-28T13:49:11.000Z,2026-09-28T13:49:47.000Z,2026-09-27T19:34:47.000Z,False,0,9989,"[""CGfVJX4D35wE8kviKKE1XyKU9EHRXe4Zsw3R55ABpump""]",HISTORY_INCOMPLETE,0,2026-08-29T13:49:11.000Z,2026-09-28T12:12:19.173Z,,,9562,,0,0,0,,,
"{""status"": ""REJECTED"", ""reasons"": [""closed episodes 0 < 30"", ""distinct tokens 0 < 20"", ""active days 0 < 7"", ""coverage 0 bps < 9000"", ""total PnL 0.00 USD not positive"", ""losing episodes 0 < 5 (profit factor not meaningful)"", ""profit factor n/a < 1.2"", ""single token share null bps"", ""history truncated or unavailable (coverage unknown)""], ""total_pnl_usd"": ""0"", ""closed_episodes"": 0}",0,0,{},0,"{""signature_scan_id"": ""65"", ""cached_transactions"": 0}",0,,,extractor v1; balance-normalizer v1,0,6XuDKs1MLd8PvPqTrb2P7GJ5FCQFHjLiBW8zcVqL9xxE,0,0,"[""global budget left 284 < 1958 (deferred, not scored)""]",0,3,"binance-1m-open:SOLUSDT,USDCUSDT;USDT=USD parity;v1",True,observed_buyer,False,0,0,,1958,,0,0,0,"[""HISTORY_INCOMPLETE""]",148,,0,0,0,2026-09-28T13:49:11.000Z,2026-09-28T13:44:42.000Z,2026-08-29T08:44:19.000Z,True,0,2106,"[""JUPyiwrYJFskUPiHa7hkeR8VUtAeFoSYbKedZNsDvCN""]",HISTORY_INCOMPLETE,0,2026-08-29T13:49:11.000Z,2026-09-28T12:12:19.173Z,,,1958,,0,0,0,,,
"{""status"": ""REJECTED"", ""reasons"": [""closed episodes 0 < 30"", ""distinct tokens 0 < 20"", ""active days 0 < 7"", ""coverage 0 bps < 9000"", ""total PnL 0.00 USD not positive"", ""losing episodes 0 < 5 (profit factor not meaningful)"", ""profit factor n/a < 1.2"", ""single token share null bps"", ""history truncated or unavailable (coverage unknown)""], ""total_pnl_usd"": ""0"", ""closed_episodes"": 0}",0,0,{},0,"{""signature_scan_id"": ""56"", ""cached_transactions"": 0}",0,,,extractor v1; balance-normalizer v1,0,6dDkM1gfXRtMpJ7t93Q8Rqi65hrDnnXpNfT3gqck84Z1,0,0,"[""5582 transactions in window > per-wallet budget 2000 (deferred, not scored)""]",0,6,"binance-1m-open:SOLUSDT,USDCUSDT;USDT=USD parity;v1",True,observed_buyer,False,0,0,,5582,,0,0,0,"[""HISTORY_INCOMPLETE""]",72,,0,0,0,2026-09-28T13:49:11.000Z,2026-09-28T13:49:16.000Z,2026-07-06T14:54:11.000Z,True,0,5654,"[""JUPyiwrYJFskUPiHa7hkeR8VUtAeFoSYbKedZNsDvCN""]",HISTORY_INCOMPLETE,0,2026-08-29T13:49:11.000Z,2026-09-28T12:12:19.173Z,,,5582,,0,0,0,,,
"{""status"": ""REJECTED"", ""reasons"": [""closed episodes 0 < 30"", ""distinct tokens 0 < 20"", ""active days 0 < 7"", ""coverage 0 bps < 9000"", ""total PnL 0.00 USD not positive"", ""losing episodes 0 < 5 (profit factor not meaningful)"", ""profit factor n/a < 1.2"", ""single token share null bps"", ""history truncated or unavailable (coverage unknown)""], ""total_pnl_usd"": ""0"", ""closed_episodes"": 0}",0,0,{},0,"{""signature_scan_id"": ""63"", ""cached_transactions"": 0}",0,,,extractor v1; balance-normalizer v1,0,6ug4s5uoG2dxycww9wBxo7kQq9NPzEf1ZSmGMT6M76Ni,0,0,"[""signature scan stopped after 10 pages before reaching the window start""]",0,10,"binance-1m-open:SOLUSDT,USDCUSDT;USDT=USD parity;v1",False,observed_buyer,False,0,0,,9980,,0,0,0,"[""HISTORY_INCOMPLETE""]",0,,0,0,0,2026-09-28T13:49:11.000Z,2026-09-28T13:49:56.000Z,2026-09-25T13:45:37.000Z,False,0,9980,"[""XsoCS1TfEyfFhfvj8EtZ528L3CaKBDBRqRapnBbDF2W""]",HISTORY_INCOMPLETE,0,2026-08-29T13:49:11.000Z,2026-09-28T12:12:19.173Z,,,9980,,0,0,0,,,
"{""status"": ""REJECTED"", ""reasons"": [""closed episodes 18 < 30"", ""distinct tokens 7 < 20"", ""active days 2 < 7"", ""single token share 5498 bps"", ""history truncated or unavailable (coverage unknown)""], ""total_pnl_usd"": ""1900.893637830291894073853392"", ""closed_episodes"": 18}",0,0,{},0,"{""signature_scan_id"": ""69"", ""cached_transactions"": 0}",0,,,extractor v1; balance-normalizer v1,0,75zAf91e2ySkHeo9vqkLtUP4PzB9tkhW9pakhSSGiutv,0,0,"[""signature scan stopped after 10 pages before reaching the window start""]",0,10,"binance-1m-open:SOLUSDT,USDCUSDT;USDT=USD parity;v1",False,observed_buyer,False,0,0,,9991,,0,0,0,"[""HISTORY_INCOMPLETE""]",9,,0,0,0,2026-09-28T13:49:11.000Z,2026-09-28T13:40:14.000Z,2026-09-26T04:35:29.000Z,False,0,10000,"[""BPxxfRCXkUVhig4HS1Lh7kZqV6SPJhzfEk4x6fVBjPCy""]",HISTORY_INCOMPLETE,0,2026-08-29T13:49:11.000Z,2026-09-28T12:06:53.638Z,,,9991,,0,0,0,,,
"{""status"": ""REJECTED"", ""reasons"": [""closed episodes 0 < 30"", ""distinct tokens 0 < 20"", ""active days 0 < 7"", ""coverage 0 bps < 9000"", ""total PnL 0.00 USD not positive"", ""losing episodes 0 < 5 (profit factor not meaningful)"", ""profit factor n/a < 1.2"", ""single token share null bps"", ""history truncated or unavailable (coverage unknown)""], ""total_pnl_usd"": ""0"", ""closed_episodes"": 0}",0,0,{},0,"{""signature_scan_id"": ""74"", ""cached_transactions"": 0}",0,,,extractor v1; balance-normalizer v1,0,7KyEvScKGoBPdroVYAy6v47XWjuuQFtPLjpWgZgMWEi,0,0,"[""signature scan stopped after 10 pages before reaching the window start""]",0,10,"binance-1m-open:SOLUSDT,USDCUSDT;USDT=USD parity;v1",False,observed_buyer,False,0,0,,9586,,0,0,0,"[""HISTORY_INCOMPLETE""]",412,,0,0,0,2026-09-28T13:49:11.000Z,2026-09-28T13:49:50.000Z,2026-09-26T23:39:59.000Z,False,0,9998,"[""6GmAFSYs4gk3FDao5FzzySQpPZaWsa4rUJHacpMpUNgx"", ""CbcyNo7m1amFWqEQm2m4PLv1UNvpcL3C1Ujm6AkzpKoU""]",HISTORY_INCOMPLETE,0,2026-08-29T13:49:11.000Z,2026-09-28T12:12:19.173Z,,,9586,,0,0,0,,,
"{""status"": ""REJECTED"", ""reasons"": [""closed episodes 0 < 30"", ""distinct tokens 0 < 20"", ""active days 0 < 7"", ""coverage 0 bps < 9000"", ""total PnL 0.00 USD not positive"", ""losing episodes 0 < 5 (profit factor not meaningful)"", ""profit factor n/a < 1.2"", ""single token share null bps"", ""history truncated or unavailable (coverage unknown)""], ""total_pnl_usd"": ""0"", ""closed_episodes"": 0}",0,0,{},0,"{""signature_scan_id"": ""70"", ""cached_transactions"": 0}",0,,,extractor v1; balance-normalizer v1,0,7bFZ2RgjMmPLSiprMdahh3ezNBwZywVahoQrQ9JBR5r5,0,0,"[""8284 transactions in window > per-wallet budget 2000 (deferred, not scored)""]",0,9,"binance-1m-open:SOLUSDT,USDCUSDT;USDT=USD parity;v1",True,observed_buyer,False,0,0,,8284,,0,0,0,"[""HISTORY_INCOMPLETE""]",45,,0,0,0,2026-09-28T13:49:11.000Z,2026-09-28T13:44:25.000Z,2026-08-29T13:42:42.000Z,True,0,8329,"[""cbbtcf3aa214zXHbiAZQwf4122FBYbraNdFqgw4iMij""]",HISTORY_INCOMPLETE,0,2026-08-29T13:49:11.000Z,2026-09-28T12:12:19.173Z,,,8284,,0,0,0,,,
"{""status"": ""REJECTED"", ""reasons"": [""closed episodes 0 < 30"", ""distinct tokens 0 < 20"", ""coverage 146 bps < 9000"", ""losing episodes 1 < 5 (profit factor not meaningful)"", ""single token share 6456 bps"", ""infrastructure role"", ""history truncated or unavailable (coverage unknown)""], ""total_pnl_usd"": ""0.23423095286762080998778"", ""closed_episodes"": 0}",0,0,{},0,"{""signature_scan_id"": ""71"", ""cached_transactions"": 0}",0,,,extractor v1; balance-normalizer v1,0,7cWvSrDRvEtfSBXVoDcMQE6JRifWbfL8KxjEfQXLvgpY,0,0,"[""global budget left 284 < 1323 (deferred, not scored)""]",0,2,"binance-1m-open:SOLUSDT,USDCUSDT;USDT=USD parity;v1",True,observed_buyer,False,0,0,,1323,,0,0,0,"[""HISTORY_INCOMPLETE""]",18,,0,0,0,2026-09-28T13:49:11.000Z,2026-09-28T12:29:35.000Z,2026-08-28T15:36:41.000Z,True,0,1341,"[""pumpCmXqMfrsAkQ5r49WcJnRayYRqmXz6ae8H7H9Dfn""]",HISTORY_INCOMPLETE,0,2026-08-29T13:49:11.000Z,2026-09-28T12:22:00.234Z,,,1323,,0,0,0,,,
"{""status"": ""REJECTED"", ""reasons"": [""closed episodes 0 < 30"", ""distinct tokens 0 < 20"", ""active days 0 < 7"", ""coverage 0 bps < 9000"", ""total PnL 0.00 USD not positive"", ""losing episodes 0 < 5 (profit factor not meaningful)"", ""profit factor n/a < 1.2"", ""single token share null bps"", ""history truncated or unavailable (coverage unknown)""], ""total_pnl_usd"": ""0"", ""closed_episodes"": 0}",0,0,{},0,"{""signature_scan_id"": ""72"", ""cached_transactions"": 0}",0,,,extractor v1; balance-normalizer v1,0,7dGrdJRYtsNR8UYxZ3TnifXGjGc9eRYLq9sELwYpuuUu,0,0,"[""signature scan stopped after 10 pages before reaching the window start""]",0,10,"binance-1m-open:SOLUSDT,USDCUSDT;USDT=USD parity;v1",False,observed_buyer,False,0,0,,318,,0,0,0,"[""HISTORY_INCOMPLETE""]",9637,,0,0,0,2026-09-28T13:49:11.000Z,2026-09-28T13:50:05.000Z,2026-09-28T12:37:20.000Z,False,0,9955,"[""CbcyNo7m1amFWqEQm2m4PLv1UNvpcL3C1Ujm6AkzpKoU""]",HISTORY_INCOMPLETE,0,2026-08-29T13:49:11.000Z,2026-09-28T12:12:19.173Z,,,318,,0,0,0,,,
"{""status"": ""REJECTED"", ""reasons"": [""closed episodes 0 < 30"", ""distinct tokens 0 < 20"", ""active days 1 < 7"", ""coverage 42 bps < 9000"", ""total PnL -0.34 USD not positive"", ""losing episodes 2 < 5 (profit factor not meaningful)"", ""profit factor 0.00 < 1.2"", ""single token share null bps"", ""infrastructure role"", ""history truncated or unavailable (coverage unknown)""], ""total_pnl_usd"": ""-0.33509635177"", ""closed_episodes"": 0}",0,0,{},0,"{""signature_scan_id"": ""76"", ""cached_transactions"": 0}",0,,,extractor v1; balance-normalizer v1,0,7nwPXZNhBj88jcC22VNBQUYLohTsQWh5VGxWqnAAcvMf,0,0,"[""signature scan stopped after 10 pages before reaching the window start""]",0,10,"binance-1m-open:SOLUSDT,USDCUSDT;USDT=USD parity;v1",False,observed_buyer,False,0,0,,3247,,0,0,0,"[""HISTORY_INCOMPLETE""]",6697,,0,0,0,2026-09-28T13:49:11.000Z,2026-09-28T13:50:08.000Z,2026-09-28T11:24:07.000Z,False,0,9944,"[""6GmAFSYs4gk3FDao5FzzySQpPZaWsa4rUJHacpMpUNgx""]",HISTORY_INCOMPLETE,0,2026-08-29T13:49:11.000Z,2026-09-28T12:22:00.234Z,,,3247,,0,0,0,,,
"{""status"": ""REJECTED"", ""reasons"": [""active days 1 < 7"", ""coverage 8326 bps < 9000"", ""total PnL -3085.68 USD not positive"", ""profit factor 0.21 < 1.2"", ""history truncated or unavailable (coverage unknown)""], ""total_pnl_usd"": ""-3085.675022230142737311324171572"", ""closed_episodes"": 214}",0,0,{},0,"{""signature_scan_id"": ""85"", ""cached_transactions"": 0}",0,,,extractor v1; balance-normalizer v1,0,8BKWiAymDH2NC91cFsNShzT2ptZi9TjxZGepih4C2kYY,0,0,"[""signature scan stopped after 10 pages before reaching the window start""]",0,10,"binance-1m-open:SOLUSDT,USDCUSDT;USDT=USD parity;v1",False,observed_buyer,False,0,0,,9543,,0,0,0,"[""HISTORY_INCOMPLETE""]",162,,0,0,0,2026-09-28T13:49:11.000Z,2026-09-28T13:50:10.000Z,2026-09-08T22:13:19.000Z,False,0,9705,"[""CGfVJX4D35wE8kviKKE1XyKU9EHRXe4Zsw3R55ABpump""]",HISTORY_INCOMPLETE,0,2026-08-29T13:49:11.000Z,2026-09-28T12:12:19.173Z,,,9543,,0,0,0,,,
"{""status"": ""REJECTED"", ""reasons"": [""closed episodes 2 < 30"", ""distinct tokens 1 < 20"", ""total PnL -26.13 USD not positive"", ""losing episodes 2 < 5 (profit factor not meaningful)"", ""profit factor 0.03 < 1.2"", ""single token share 10000 bps"", ""history truncated or unavailable (coverage unknown)""], ""total_pnl_usd"": ""-26.130268551154470051838508"", ""closed_episodes"": 2}",0,0,{},0,"{""signature_scan_id"": ""86"", ""cached_transactions"": 0}",0,,,extractor v1; balance-normalizer v1,0,8CZ6q7RgwHYwHxAhe6L4HdcHvGEzYiDdKcfmLmQstNUK,0,0,"[""global budget left 284 < 1368 (deferred, not scored)""]",0,2,"binance-1m-open:SOLUSDT,USDCUSDT;USDT=USD parity;v1",True,observed_buyer,False,0,0,,1368,,0,0,0,"[""HISTORY_INCOMPLETE""]",30,,0,0,0,2026-09-28T13:49:11.000Z,2026-09-28T12:20:37.000Z,2026-08-29T01:28:48.000Z,True,0,1398,"[""JUPyiwrYJFskUPiHa7hkeR8VUtAeFoSYbKedZNsDvCN""]",HISTORY_INCOMPLETE,0,2026-08-29T13:49:11.000Z,2026-09-28T12:22:00.234Z,,,1368,,0,0,0,,,
"{""status"": ""REJECTED"", ""reasons"": [""active days 4 < 7"", ""total PnL -1366.84 USD not positive"", ""profit factor 0.46 < 1.2"", ""history truncated or unavailable (coverage unknown)""], ""total_pnl_usd"": ""-1366.83981099183980544066241177"", ""closed_episodes"": 130}",0,0,{},0,"{""signature_scan_id"": ""91"", ""cached_transactions"": 0}",0,,,extractor v1; balance-normalizer v1,0,8KJTD7qM1L2btnjd2mYcnXBXP1AcrnPuw6XZJ3Zh3FxG,0,0,"[""8307 transactions in window > per-wallet budget 2000 (deferred, not scored)""]",0,10,"binance-1m-open:SOLUSDT,USDCUSDT;USDT=USD parity;v1",True,observed_buyer,False,0,0,,8307,,0,0,0,"[""HISTORY_INCOMPLETE""]",814,,0,0,0,2026-09-28T13:49:11.000Z,2026-09-28T13:49:37.000Z,2026-08-28T05:35:05.000Z,True,0,9121,"[""CbcyNo7m1amFWqEQm2m4PLv1UNvpcL3C1Ujm6AkzpKoU""]",HISTORY_INCOMPLETE,0,2026-08-29T13:49:11.000Z,2026-09-28T12:22:00.234Z,,,8307,,0,0,0,,,
"{""status"": ""REJECTED"", ""reasons"": [""closed episodes 0 < 30"", ""distinct tokens 0 < 20"", ""active days 1 < 7"", ""coverage 131 bps < 9000"", ""total PnL -0.17 USD not positive"", ""losing episodes 1 < 5 (profit factor not meaningful)"", ""profit factor 0.00 < 1.2"", ""single token share null bps"", ""history truncated or unavailable (coverage unknown)""], ""total_pnl_usd"": ""-0.16652257400970429563482507"", ""closed_episodes"": 0}",0,0,{},0,"{""signature_scan_id"": ""92"", ""cached_transactions"": 0}",0,,,extractor v1; balance-normalizer v1,0,8L2y55D11k63CAftvW7uMM2mBhtMxLoLnivG9uY2bt8j,0,0,"[""signature scan stopped after 10 pages before reaching the window start""]",0,10,"binance-1m-open:SOLUSDT,USDCUSDT;USDT=USD parity;v1",False,observed_buyer,False,0,0,,1062,,0,0,0,"[""HISTORY_INCOMPLETE""]",8878,,0,0,0,2026-09-28T13:49:11.000Z,2026-09-28T13:50:21.000Z,2026-09-28T09:20:26.000Z,False,0,9940,"[""A7bdiYdS5GjqGFtxf17ppRHtDKPkkRqbKtR27dxvQXaS""]",HISTORY_INCOMPLETE,0,2026-08-29T13:49:11.000Z,2026-09-28T12:22:00.234Z,,,1062,,0,0,0,,,
"{""status"": ""REJECTED"", ""reasons"": [""closed episodes 0 < 30"", ""distinct tokens 0 < 20"", ""active days 0 < 7"", ""coverage 0 bps < 9000"", ""total PnL 0.00 USD not positive"", ""losing episodes 0 < 5 (profit factor not meaningful)"", ""profit factor n/a < 1.2"", ""single token share null bps"", ""history truncated or unavailable (coverage unknown)""], ""total_pnl_usd"": ""0"", ""closed_episodes"": 0}",0,0,{},0,"{""signature_scan_id"": ""97"", ""cached_transactions"": 0}",0,,,extractor v1; balance-normalizer v1,0,8VALoXS8gfwbHKFWvDYsXU3aNJdZuxeRD92tGAb8M1RU,0,0,"[""signature scan stopped after 10 pages before reaching the window start""]",0,10,"binance-1m-open:SOLUSDT,USDCUSDT;USDT=USD parity;v1",False,observed_buyer,False,0,0,,9877,,0,0,0,"[""HISTORY_INCOMPLETE""]",123,,0,0,0,2026-09-28T13:49:11.000Z,2026-09-28T13:46:01.000Z,2026-09-13T05:10:03.000Z,False,0,10000,"[""98kfF7rmsg1QDUEoCqNE7g7M1FdrTt92TEp2CLzypump""]",HISTORY_INCOMPLETE,0,2026-08-29T13:49:11.000Z,2026-09-28T12:12:19.173Z,,,9877,,0,0,0,,,
"{""status"": ""REJECTED"", ""reasons"": [""closed episodes 20 < 30"", ""distinct tokens 7 < 20"", ""active days 1 < 7"", ""coverage 8457 bps < 9000"", ""losing episodes 4 < 5 (profit factor not meaningful)"", ""single token share 4514 bps"", ""history truncated or unavailable (coverage unknown)""], ""total_pnl_usd"": ""11323.420568607147274517548852"", ""closed_episodes"": 20}",0,0,{},0,"{""signature_scan_id"": ""98"", ""cached_transactions"": 0}",0,,,extractor v1; balance-normalizer v1,0,8ZgAmj7fSo2eTcwidgg4uUYLZRXi8vyeFuywmA8FBQAv,0,0,"[""signature scan stopped after 10 pages before reaching the window start""]",0,10,"binance-1m-open:SOLUSDT,USDCUSDT;USDT=USD parity;v1",False,observed_buyer,False,0,0,,952,,0,0,0,"[""HISTORY_INCOMPLETE""]",8602,,0,0,0,2026-09-28T13:49:11.000Z,2026-09-28T13:50:27.000Z,2026-09-28T12:34:17.000Z,False,0,9554,"[""6p6xgHyF7AeE6TZkSmFsko444wqoP15icUSqi2jfGiPN"", ""4k3Dyjzvzp8eMZWUXbBCjEvwSkkk59S5iCNLY3QrkX6R""]",HISTORY_INCOMPLETE,0,2026-08-29T13:49:11.000Z,2026-09-28T12:06:53.638Z,,,952,,0,0,0,,,
"{""status"": ""REJECTED"", ""reasons"": [""closed episodes 0 < 30"", ""distinct tokens 0 < 20"", ""total PnL -135.12 USD not positive"", ""losing episodes 1 < 5 (profit factor not meaningful)"", ""profit factor 0.00 < 1.2"", ""single token share null bps""], ""total_pnl_usd"": ""-135.116386798873461297175"", ""closed_episodes"": 0}",0,0,{},0,"{""signature_scan_id"": ""84"", ""cached_transactions"": 0}",0,,,extractor v1; balance-normalizer v1,0,8aPMK4E8hUxZgnBtEvPReia2j5QNgYR4NYiGwD5mvmUy,0,0,"[""global budget left 284 < 1479 (deferred, not scored)""]",0,2,"binance-1m-open:SOLUSDT,USDCUSDT;USDT=USD parity;v1",True,observed_buyer,False,0,0,,1479,,0,0,0,"[""HISTORY_INCOMPLETE""]",4,,0,0,0,2026-09-28T13:49:11.000Z,2026-09-28T13:25:01.000Z,2026-08-28T04:05:32.000Z,True,0,1483,"[""6p6xgHyF7AeE6TZkSmFsko444wqoP15icUSqi2jfGiPN""]",HISTORY_INCOMPLETE,0,2026-08-29T13:49:11.000Z,2026-09-28T12:12:19.173Z,,,1479,,0,0,0,,,
"{""status"": ""REJECTED"", ""reasons"": [""closed episodes 25 < 30"", ""distinct tokens 13 < 20"", ""active days 3 < 7"", ""history truncated or unavailable (coverage unknown)""], ""total_pnl_usd"": ""144.19365989031156304946179"", ""closed_episodes"": 25}",0,0,{},0,"{""signature_scan_id"": ""87"", ""cached_transactions"": 0}",0,,,extractor v1; balance-normalizer v1,0,8ihdwA3rftAgRQDxJ983kPGpoghcCoBi2XFXLLh79u2U,0,0,"[""signature scan stopped after 10 pages before reaching the window start""]",0,10,"binance-1m-open:SOLUSDT,USDCUSDT;USDT=USD parity;v1",False,observed_buyer,False,0,0,,6414,,0,0,0,"[""HISTORY_INCOMPLETE""]",3584,,0,0,0,2026-09-28T13:49:11.000Z,2026-09-28T13:49:56.000Z,2026-09-15T18:37:00.000Z,False,0,9998,"[""JUPyiwrYJFskUPiHa7hkeR8VUtAeFoSYbKedZNsDvCN""]",HISTORY_INCOMPLETE,0,2026-08-29T13:49:11.000Z,2026-09-28T12:12:19.173Z,,,6414,,0,0,0,,,
"{""status"": ""REJECTED"", ""reasons"": [""closed episodes 8 < 30"", ""distinct tokens 1 < 20"", ""active days 2 < 7"", ""losing episodes 2 < 5 (profit factor not meaningful)"", ""single token share 10000 bps"", ""history truncated or unavailable (coverage unknown)""], ""total_pnl_usd"": ""530.487549209799854868597242"", ""closed_episodes"": 8}",0,0,{},0,"{""signature_scan_id"": ""95"", ""cached_transactions"": 0}",0,,,extractor v1; balance-normalizer v1,0,8nrkwLF8tUxyf2p6AKuwq4SWjY1uya4usXYbWvSxk3Na,0,0,"[""signature scan stopped after 10 pages before reaching the window start""]",0,10,"binance-1m-open:SOLUSDT,USDCUSDT;USDT=USD parity;v1",False,observed_buyer,False,0,0,,6723,,0,0,0,"[""HISTORY_INCOMPLETE""]",3275,,0,0,0,2026-09-28T13:49:11.000Z,2026-09-28T13:49:18.000Z,2026-09-25T11:21:03.000Z,False,0,9998,"[""6GmAFSYs4gk3FDao5FzzySQpPZaWsa4rUJHacpMpUNgx""]",HISTORY_INCOMPLETE,0,2026-08-29T13:49:11.000Z,2026-09-28T12:06:53.638Z,,,6723,,0,0,0,,,
"{""status"": ""REJECTED"", ""reasons"": [""closed episodes 22 < 30"", ""distinct tokens 17 < 20"", ""active days 1 < 7"", ""total PnL -3585.09 USD not positive"", ""profit factor 0.22 < 1.2"", ""single token share 5077 bps"", ""history truncated or unavailable (coverage unknown)""], ""total_pnl_usd"": ""-3585.088221796432532506265783916"", ""closed_episodes"": 22}",0,0,{},0,"{""signature_scan_id"": ""100"", ""cached_transactions"": 0}",0,,,extractor v1; balance-normalizer v1,0,98v4eo7Ngh1USvQdwX1wqQUamoMBYt84eC73zQtbJV3k,0,0,"[""signature scan stopped after 10 pages before reaching the window start""]",0,10,"binance-1m-open:SOLUSDT,USDCUSDT;USDT=USD parity;v1",False,observed_buyer,False,0,0,,9384,,0,0,0,"[""HISTORY_INCOMPLETE""]",608,,0,0,0,2026-09-28T13:49:11.000Z,2026-09-28T13:50:25.000Z,2026-09-27T09:05:40.000Z,False,0,9992,"[""CbcyNo7m1amFWqEQm2m4PLv1UNvpcL3C1Ujm6AkzpKoU""]",HISTORY_INCOMPLETE,0,2026-08-29T13:49:11.000Z,2026-09-28T12:22:00.234Z,,,9384,,0,0,0,,,
"{""status"": ""REJECTED"", ""reasons"": [""closed episodes 0 < 30"", ""distinct tokens 0 < 20"", ""active days 1 < 7"", ""coverage 8712 bps < 9000"", ""total PnL -27658.70 USD not positive"", ""losing episodes 1 < 5 (profit factor not meaningful)"", ""profit factor 0.00 < 1.2"", ""single token share null bps"", ""history truncated or unavailable (coverage unknown)""], ""total_pnl_usd"": ""-27658.69656446526228977556756"", ""closed_episodes"": 0}",0,0,{},0,"{""signature_scan_id"": ""101"", ""cached_transactions"": 0}",0,,,extractor v1; balance-normalizer v1,0,99mRw3EzdJZWEUjgp1nrU4WeHsukUBjbh7gYE7pm4F3c,0,0,"[""signature scan stopped after 10 pages before reaching the window start""]",0,10,"binance-1m-open:SOLUSDT,USDCUSDT;USDT=USD parity;v1",False,observed_buyer,False,0,0,,9407,,0,0,0,"[""HISTORY_INCOMPLETE""]",567,,0,0,0,2026-09-28T13:49:11.000Z,2026-09-28T13:50:31.000Z,2026-09-28T03:27:48.000Z,False,0,9974,"[""pumpCmXqMfrsAkQ5r49WcJnRayYRqmXz6ae8H7H9Dfn""]",HISTORY_INCOMPLETE,0,2026-08-29T13:49:11.000Z,2026-09-28T12:12:19.173Z,,,9407,,0,0,0,,,
"{""status"": ""REJECTED"", ""reasons"": [""closed episodes 0 < 30"", ""distinct tokens 0 < 20"", ""active days 0 < 7"", ""coverage 0 bps < 9000"", ""total PnL 0.00 USD not positive"", ""losing episodes 0 < 5 (profit factor not meaningful)"", ""profit factor n/a < 1.2"", ""single token share null bps"", ""history truncated or unavailable (coverage unknown)""], ""total_pnl_usd"": ""0"", ""closed_episodes"": 0}",0,0,{},0,"{""signature_scan_id"": ""103"", ""cached_transactions"": 0}",0,,,extractor v1; balance-normalizer v1,0,9C6A9o9VR8NZdpJRnLhP2EYV2vEJsDYAaE6D3yHXUiLd,0,0,"[""signature scan stopped after 10 pages before reaching the window start""]",0,10,"binance-1m-open:SOLUSDT,USDCUSDT;USDT=USD parity;v1",False,observed_buyer,False,0,0,,9983,,0,0,0,"[""HISTORY_INCOMPLETE""]",0,,0,0,0,2026-09-28T13:49:11.000Z,2026-09-28T13:50:33.000Z,2026-09-27T11:05:39.000Z,False,0,9983,"[""pumpCmXqMfrsAkQ5r49WcJnRayYRqmXz6ae8H7H9Dfn"", ""A7bdiYdS5GjqGFtxf17ppRHtDKPkkRqbKtR27dxvQXaS""]",HISTORY_INCOMPLETE,0,2026-08-29T13:49:11.000Z,2026-09-28T12:22:00.234Z,,,9983,,0,0,0,,,
"{""status"": ""REJECTED"", ""reasons"": [""closed episodes 0 < 30"", ""distinct tokens 0 < 20"", ""active days 0 < 7"", ""coverage 0 bps < 9000"", ""total PnL 0.00 USD not positive"", ""losing episodes 0 < 5 (profit factor not meaningful)"", ""profit factor n/a < 1.2"", ""single token share null bps"", ""history truncated or unavailable (coverage unknown)""], ""total_pnl_usd"": ""0"", ""closed_episodes"": 0}",0,0,{},0,"{""signature_scan_id"": ""104"", ""cached_transactions"": 0}",0,,,extractor v1; balance-normalizer v1,0,9EVzTzLSfYHrjXpejBRFGmZVG9jRsS4tDtcE1NpD6srb,0,0,"[""signature scan stopped after 10 pages before reaching the window start""]",0,10,"binance-1m-open:SOLUSDT,USDCUSDT;USDT=USD parity;v1",False,observed_buyer,False,0,0,,9253,,0,0,0,"[""HISTORY_INCOMPLETE""]",727,,0,0,0,2026-09-28T13:49:11.000Z,2026-09-28T13:50:34.000Z,2026-09-22T20:32:01.000Z,False,0,9980,"[""3ZLekZYq2qkZiSpnSvabjit34tUkjSwD1JFuW9as9wBG""]",HISTORY_INCOMPLETE,0,2026-08-29T13:49:11.000Z,2026-09-28T12:06:53.638Z,,,9253,,0,0,0,,,
"{""status"": ""REJECTED"", ""reasons"": [""closed episodes 8 < 30"", ""distinct tokens 6 < 20"", ""active days 1 < 7"", ""history truncated or unavailable (coverage unknown)""], ""total_pnl_usd"": ""4425.0564683970593155780179"", ""closed_episodes"": 8}",0,0,{},0,"{""signature_scan_id"": ""105"", ""cached_transactions"": 0}",0,,,extractor v1; balance-normalizer v1,0,9FMUjZHCJEeoz1Au9RB7RsgCEeaDfQ164TToKfixCSHi,0,0,"[""signature scan stopped after 10 pages before reaching the window start""]",0,10,"binance-1m-open:SOLUSDT,USDCUSDT;USDT=USD parity;v1",False,observed_buyer,False,0,0,,7039,,0,0,0,"[""HISTORY_INCOMPLETE""]",2917,,0,0,0,2026-09-28T13:49:11.000Z,2026-09-28T13:50:37.000Z,2026-09-27T15:12:14.000Z,False,0,9956,"[""4k3Dyjzvzp8eMZWUXbBCjEvwSkkk59S5iCNLY3QrkX6R"", ""XsoCS1TfEyfFhfvj8EtZ528L3CaKBDBRqRapnBbDF2W""]",HISTORY_INCOMPLETE,0,2026-08-29T13:49:11.000Z,2026-09-28T12:06:53.638Z,,,7039,,0,0,0,,,
"{""status"": ""REJECTED"", ""reasons"": [""single token share 5600 bps"", ""history truncated or unavailable (coverage unknown)""], ""total_pnl_usd"": ""941.7537296992130063762092857884"", ""closed_episodes"": 42}",0,0,{},0,"{""signature_scan_id"": ""108"", ""cached_transactions"": 0}",0,,,extractor v1; balance-normalizer v1,0,9Ht2WMaxfHEVceFCk6CbgjXK5rQB6jsQ8v9PAVAYCusG,0,0,"[""global budget left 284 < 1173 (deferred, not scored)""]",0,3,"binance-1m-open:SOLUSDT,USDCUSDT;USDT=USD parity;v1",True,observed_buyer,False,0,0,,1173,,0,0,0,"[""HISTORY_INCOMPLETE""]",229,,0,0,0,2026-09-28T13:49:11.000Z,2026-09-28T13:25:36.000Z,2026-09-19T12:48:20.000Z,True,0,1402,"[""CGfVJX4D35wE8kviKKE1XyKU9EHRXe4Zsw3R55ABpump""]",HISTORY_INCOMPLETE,0,2026-08-29T13:49:11.000Z,2026-09-28T12:12:19.173Z,,,1173,,0,0,0,,,
"{""status"": ""REJECTED"", ""reasons"": [""closed episodes 0 < 30"", ""distinct tokens 0 < 20"", ""active days 0 < 7"", ""coverage 0 bps < 9000"", ""total PnL 0.00 USD not positive"", ""losing episodes 0 < 5 (profit factor not meaningful)"", ""profit factor n/a < 1.2"", ""single token share null bps"", ""history truncated or unavailable (coverage unknown)""], ""total_pnl_usd"": ""0"", ""closed_episodes"": 0}",0,0,{},0,"{""signature_scan_id"": ""111"", ""cached_transactions"": 0}",0,,,extractor v1; balance-normalizer v1,0,9PHm2cYU8DhwBrbRsqqAjhW9uXVrNR1RaLsvo9oGVeaq,0,0,"[""signature scan stopped after 10 pages before reaching the window start""]",0,10,"binance-1m-open:SOLUSDT,USDCUSDT;USDT=USD parity;v1",False,observed_buyer,False,0,0,,9573,,0,0,0,"[""HISTORY_INCOMPLETE""]",421,,0,0,0,2026-09-28T13:49:11.000Z,2026-09-28T13:50:36.000Z,2026-09-27T06:14:05.000Z,False,0,9994,"[""6GmAFSYs4gk3FDao5FzzySQpPZaWsa4rUJHacpMpUNgx""]",HISTORY_INCOMPLETE,0,2026-08-29T13:49:11.000Z,2026-09-28T12:12:19.173Z,,,9573,,0,0,0,,,
"{""status"": ""REJECTED"", ""reasons"": [""active days 6 < 7"", ""coverage 6295 bps < 9000"", ""total PnL -60.79 USD not positive"", ""profit factor 0.24 < 1.2"", ""infrastructure role"", ""history truncated or unavailable (coverage unknown)""], ""total_pnl_usd"": ""-60.7887765866383176682401161229"", ""closed_episodes"": 182}",0,0,{},0,"{""signature_scan_id"": ""114"", ""cached_transactions"": 0}",0,,,extractor v1; balance-normalizer v1,0,9UmU28Wh3wbgFMUh1QMXxmGKenU8QzcqvAGzQoPbUTD4,0,0,"[""4482 transactions in window > per-wallet budget 2000 (deferred, not scored)""]",0,5,"binance-1m-open:SOLUSDT,USDCUSDT;USDT=USD parity;v1",True,observed_buyer,False,0,0,,4482,,0,0,0,"[""HISTORY_INCOMPLETE""]",9,,0,0,0,2026-09-28T13:49:11.000Z,2026-09-28T09:06:48.000Z,2026-08-29T13:44:08.000Z,True,0,4491,"[""CGfVJX4D35wE8kviKKE1XyKU9EHRXe4Zsw3R55ABpump""]",HISTORY_INCOMPLETE,0,2026-08-29T13:49:11.000Z,2026-09-28T12:12:19.173Z,,,4482,,0,0,0,,,
"{""status"": ""REJECTED"", ""reasons"": [""closed episodes 11 < 30"", ""distinct tokens 6 < 20"", ""active days 1 < 7"", ""total PnL -2241.72 USD not positive"", ""profit factor 0.07 < 1.2"", ""single token share 9011 bps"", ""history truncated or unavailable (coverage unknown)""], ""total_pnl_usd"": ""-2241.7153406624122523313820154"", ""closed_episodes"": 11}",0,0,{},0,"{""signature_scan_id"": ""116"", ""cached_transactions"": 0}",0,,,extractor v1; balance-normalizer v1,0,9XLcx4qeRMef4S1uMTsyv5Uv8SAXpo8aE9d97NDxYRvL,0,0,"[""signature scan stopped after 10 pages before reaching the window start""]",0,10,"binance-1m-open:SOLUSDT,USDCUSDT;USDT=USD parity;v1",False,observed_buyer,False,0,0,,7203,,0,0,0,"[""HISTORY_INCOMPLETE""]",2783,,0,0,0,2026-09-28T13:49:11.000Z,2026-09-28T13:50:37.000Z,2026-09-27T04:17:34.000Z,False,0,9986,"[""6GmAFSYs4gk3FDao5FzzySQpPZaWsa4rUJHacpMpUNgx""]",HISTORY_INCOMPLETE,0,2026-08-29T13:49:11.000Z,2026-09-28T12:06:53.638Z,,,7203,,0,0,0,,,
"{""status"": ""REJECTED"", ""reasons"": [""closed episodes 6 < 30"", ""distinct tokens 5 < 20"", ""active days 1 < 7"", ""history truncated or unavailable (coverage unknown)""], ""total_pnl_usd"": ""238.514645997842771101633362438"", ""closed_episodes"": 6}",0,0,{},0,"{""signature_scan_id"": ""110"", ""cached_transactions"": 0}",0,,,extractor v1; balance-normalizer v1,0,9nXDunV8eNvYSVys7JSBkm2hz9Q79Q3EYeko19srVeMC,0,0,"[""signature scan stopped after 10 pages before reaching the window start""]",0,10,"binance-1m-open:SOLUSDT,USDCUSDT;USDT=USD parity;v1",False,observed_buyer,False,0,0,,6202,,0,0,0,"[""HISTORY_INCOMPLETE""]",3087,,0,0,0,2026-09-28T13:49:11.000Z,2026-09-28T13:50:41.000Z,2026-09-28T13:04:03.000Z,False,0,9289,"[""pumpCmXqMfrsAkQ5r49WcJnRayYRqmXz6ae8H7H9Dfn"", ""CbcyNo7m1amFWqEQm2m4PLv1UNvpcL3C1Ujm6AkzpKoU""]",HISTORY_INCOMPLETE,0,2026-08-29T13:49:11.000Z,2026-09-28T12:06:53.638Z,,,6202,,0,0,0,,,
"{""status"": ""REJECTED"", ""reasons"": [""closed episodes 0 < 30"", ""distinct tokens 0 < 20"", ""active days 0 < 7"", ""coverage 0 bps < 9000"", ""total PnL 0.00 USD not positive"", ""losing episodes 0 < 5 (profit factor not meaningful)"", ""profit factor n/a < 1.2"", ""single token share null bps"", ""history truncated or unavailable (coverage unknown)""], ""total_pnl_usd"": ""0"", ""closed_episodes"": 0}",0,0,{},0,"{""signature_scan_id"": ""113"", ""cached_transactions"": 0}",0,,,extractor v1; balance-normalizer v1,0,9rqQuzY4p6yTTozR7M9oZCNDjN1wAVDh9JHsWbxgAhqJ,0,0,"[""global budget left 284 < 1956 (deferred, not scored)""]",0,3,"binance-1m-open:SOLUSDT,USDCUSDT;USDT=USD parity;v1",True,observed_buyer,False,0,0,,1956,,0,0,0,"[""HISTORY_INCOMPLETE""]",584,,0,0,0,2026-09-28T13:49:11.000Z,2026-09-28T13:46:10.000Z,2026-08-28T16:13:06.000Z,True,0,2540,"[""98kfF7rmsg1QDUEoCqNE7g7M1FdrTt92TEp2CLzypump""]",HISTORY_INCOMPLETE,0,2026-08-29T13:49:11.000Z,2026-09-28T12:12:19.173Z,,,1956,,0,0,0,,,
"{""status"": ""REJECTED"", ""reasons"": [""closed episodes 0 < 30"", ""distinct tokens 0 < 20"", ""active days 0 < 7"", ""coverage 0 bps < 9000"", ""total PnL 0.00 USD not positive"", ""losing episodes 0 < 5 (profit factor not meaningful)"", ""profit factor n/a < 1.2"", ""single token share null bps"", ""history truncated or unavailable (coverage unknown)""], ""total_pnl_usd"": ""0"", ""closed_episodes"": 0}",0,0,{},0,"{""signature_scan_id"": ""125"", ""cached_transactions"": 0}",0,,,extractor v1; balance-normalizer v1,0,ACSum5S1wqYX7XAau6GmxAoavWsV12SXE6oTQisiUgLJ,0,0,"[""4289 transactions in window > per-wallet budget 2000 (deferred, not scored)""]",0,5,"binance-1m-open:SOLUSDT,USDCUSDT;USDT=USD parity;v1",True,observed_buyer,False,0,0,,4289,,0,0,0,"[""HISTORY_INCOMPLETE""]",163,,0,0,0,2026-09-28T13:49:11.000Z,2026-09-28T13:38:10.000Z,2026-08-29T10:03:36.000Z,True,0,4452,"[""98kfF7rmsg1QDUEoCqNE7g7M1FdrTt92TEp2CLzypump""]",HISTORY_INCOMPLETE,0,2026-08-29T13:49:11.000Z,2026-09-28T12:06:53.638Z,,,4289,,0,0,0,,,
"{""status"": ""REJECTED"", ""reasons"": [""closed episodes 13 < 30"", ""distinct tokens 7 < 20"", ""active days 1 < 7"", ""coverage 3014 bps < 9000"", ""losing episodes 3 < 5 (profit factor not meaningful)"", ""single token share 5423 bps"", ""history truncated or unavailable (coverage unknown)""], ""total_pnl_usd"": ""865.99722219707794170322748"", ""closed_episodes"": 13}",0,0,{},0,"{""signature_scan_id"": ""126"", ""cached_transactions"": 0}",0,,,extractor v1; balance-normalizer v1,0,AD33DwmXQ6Rx69oRdHnKMFBFpJ31FiJmFGcuhYm41jqb,0,0,"[""signature scan stopped after 10 pages before reaching the window start""]",0,10,"binance-1m-open:SOLUSDT,USDCUSDT;USDT=USD parity;v1",False,observed_buyer,False,0,0,,9971,,0,0,0,"[""HISTORY_INCOMPLETE""]",0,,0,0,0,2026-09-28T13:49:11.000Z,2026-09-28T13:50:37.000Z,2026-09-27T13:39:43.000Z,False,0,9971,"[""A7bdiYdS5GjqGFtxf17ppRHtDKPkkRqbKtR27dxvQXaS""]",HISTORY_INCOMPLETE,0,2026-08-29T13:49:11.000Z,2026-09-28T12:06:53.638Z,,,9971,,0,0,0,,,
"{""status"": ""REJECTED"", ""reasons"": [""closed episodes 16 < 30"", ""distinct tokens 15 < 20"", ""coverage 3634 bps < 9000"", ""total PnL -43487.35 USD not positive"", ""profit factor 0.45 < 1.2"", ""single token share 6087 bps"", ""infrastructure role"", ""history truncated or unavailable (coverage unknown)""], ""total_pnl_usd"": ""-43487.34992247571731164472903453"", ""closed_episodes"": 16}",0,0,{},0,"{""signature_scan_id"": ""128"", ""cached_transactions"": 0}",0,,,extractor v1; balance-normalizer v1,0,AMxVvyMaPcdY9FJ3kqwVj2qTALPL5bdSTdEaFiwg4WwB,0,0,"[""4596 transactions in window > per-wallet budget 2000 (deferred, not scored)""]",0,5,"binance-1m-open:SOLUSDT,USDCUSDT;USDT=USD parity;v1",True,observed_buyer,False,0,0,,4596,,0,0,0,"[""HISTORY_INCOMPLETE""]",100,,0,0,0,2026-09-28T13:49:11.000Z,2026-09-28T12:58:15.000Z,2026-08-29T06:53:33.000Z,True,0,4696,"[""BPxxfRCXkUVhig4HS1Lh7kZqV6SPJhzfEk4x6fVBjPCy""]",HISTORY_INCOMPLETE,0,2026-08-29T13:49:11.000Z,2026-09-28T12:22:00.234Z,,,4596,,0,0,0,,,
"{""status"": ""REJECTED"", ""reasons"": [""closed episodes 0 < 30"", ""distinct tokens 0 < 20"", ""coverage 7067 bps < 9000"", ""total PnL -87.74 USD not positive"", ""losing episodes 1 < 5 (profit factor not meaningful)"", ""profit factor 0.00 < 1.2"", ""single token share null bps"", ""history truncated or unavailable (coverage unknown)""], ""total_pnl_usd"": ""-87.7380719329438357186585"", ""closed_episodes"": 0}",0,0,{},0,"{""signature_scan_id"": ""131"", ""cached_transactions"": 0}",0,,,extractor v1; balance-normalizer v1,0,ATK8bqGZqqBkDYyVDs4hSFMj8smZJ58WJuMLNzsyCr13,0,0,"[""2155 transactions in window > per-wallet budget 2000 (deferred, not scored)""]",0,3,"binance-1m-open:SOLUSDT,USDCUSDT;USDT=USD parity;v1",True,observed_buyer,False,0,0,,2155,,0,0,0,"[""HISTORY_INCOMPLETE""]",13,,0,0,0,2026-09-28T13:49:11.000Z,2026-09-28T12:33:28.000Z,2026-08-29T04:00:19.000Z,True,0,2168,"[""JUPyiwrYJFskUPiHa7hkeR8VUtAeFoSYbKedZNsDvCN""]",HISTORY_INCOMPLETE,0,2026-08-29T13:49:11.000Z,2026-09-28T12:12:19.173Z,,,2155,,0,0,0,,,
"{""status"": ""REJECTED"", ""reasons"": [""closed episodes 0 < 30"", ""distinct tokens 0 < 20"", ""active days 0 < 7"", ""coverage 0 bps < 9000"", ""total PnL 0.00 USD not positive"", ""losing episodes 0 < 5 (profit factor not meaningful)"", ""profit factor n/a < 1.2"", ""single token share null bps"", ""history truncated or unavailable (coverage unknown)""], ""total_pnl_usd"": ""0"", ""closed_episodes"": 0}",0,0,{},0,"{""signature_scan_id"": ""122"", ""cached_transactions"": 0}",0,,,extractor v1; balance-normalizer v1,0,AaRohpuoZk2TXXFTB34pBekbCkaD2JDTWdP2wELG7tXt,0,0,"[""3701 transactions in window > per-wallet budget 2000 (deferred, not scored)""]",0,5,"binance-1m-open:SOLUSDT,USDCUSDT;USDT=USD parity;v1",True,observed_buyer,False,0,0,,3701,,0,0,0,"[""HISTORY_INCOMPLETE""]",569,,0,0,0,2026-09-28T13:49:11.000Z,2026-09-28T13:50:33.000Z,2026-08-29T13:42:18.000Z,True,0,4270,"[""3iUTyNYW6xKv5kZUjtbrEDTsuJTrSVwvB3bQtxkLpump""]",HISTORY_INCOMPLETE,0,2026-08-29T13:49:11.000Z,2026-09-28T12:06:53.638Z,,,3701,,0,0,0,,,
"{""status"": ""REJECTED"", ""reasons"": [""total PnL -673.29 USD not positive"", ""profit factor 0.54 < 1.2"", ""history truncated or unavailable (coverage unknown)""], ""total_pnl_usd"": ""-673.29442341785618215304566599"", ""closed_episodes"": 109}",0,0,{},0,"{""signature_scan_id"": ""130"", ""cached_transactions"": 0}",0,,,extractor v1; balance-normalizer v1,0,Aryob7UhhZVV5HhhjLz3uda1qYMgurmChRsDGpkhCNKq,0,0,"[""3494 transactions in window > per-wallet budget 2000 (deferred, not scored)""]",0,4,"binance-1m-open:SOLUSDT,USDCUSDT;USDT=USD parity;v1",True,observed_buyer,False,0,0,,3494,,0,0,0,"[""HISTORY_INCOMPLETE""]",182,,0,0,0,2026-09-28T13:49:11.000Z,2026-09-28T13:50:54.000Z,2026-08-29T13:49:03.000Z,True,0,3676,"[""3iUTyNYW6xKv5kZUjtbrEDTsuJTrSVwvB3bQtxkLpump""]",HISTORY_INCOMPLETE,0,2026-08-29T13:49:11.000Z,2026-09-28T12:22:00.234Z,,,3494,,0,0,0,,,
"{""status"": ""REJECTED"", ""reasons"": [""closed episodes 26 < 30"", ""distinct tokens 1 < 20"", ""coverage 8073 bps < 9000"", ""total PnL -40.41 USD not positive"", ""profit factor 0.00 < 1.2"", ""single token share null bps"", ""history truncated or unavailable (coverage unknown)""], ""total_pnl_usd"": ""-40.40692875214"", ""closed_episodes"": 26}",0,0,{},0,"{""signature_scan_id"": ""134"", ""cached_transactions"": 0}",0,,,extractor v1; balance-normalizer v1,0,AypMu4tHqkC7JRnTjPvwfS46A98PiR5Pfd7E8EbDKY2L,0,0,"[""2542 transactions in window > per-wallet budget 2000 (deferred, not scored)""]",0,3,"binance-1m-open:SOLUSDT,USDCUSDT;USDT=USD parity;v1",True,observed_buyer,False,0,0,,2542,,0,0,0,"[""HISTORY_INCOMPLETE""]",38,,0,0,0,2026-09-28T13:49:11.000Z,2026-09-28T12:29:39.000Z,2026-08-29T11:15:30.000Z,True,0,2580,"[""XsoCS1TfEyfFhfvj8EtZ528L3CaKBDBRqRapnBbDF2W""]",HISTORY_INCOMPLETE,0,2026-08-29T13:49:11.000Z,2026-09-28T12:06:53.638Z,,,2542,,0,0,0,,,
"{""status"": ""REJECTED"", ""reasons"": [""closed episodes 0 < 30"", ""distinct tokens 0 < 20"", ""active days 0 < 7"", ""coverage 0 bps < 9000"", ""total PnL 0.00 USD not positive"", ""losing episodes 0 < 5 (profit factor not meaningful)"", ""profit factor n/a < 1.2"", ""single token share null bps"", ""history truncated or unavailable (coverage unknown)""], ""total_pnl_usd"": ""0"", ""closed_episodes"": 0}",0,0,{},0,"{""signature_scan_id"": ""144"", ""cached_transactions"": 0}",0,,,extractor v1; balance-normalizer v1,0,BUU2wRv3v43Q3geFAzzJveY9pTdhRvfZ1MX32bc7muUJ,0,0,"[""4987 transactions in window > per-wallet budget 2000 (deferred, not scored)""]",0,8,"binance-1m-open:SOLUSDT,USDCUSDT;USDT=USD parity;v1",True,observed_buyer,False,0,0,,4987,,0,0,0,"[""HISTORY_INCOMPLETE""]",2466,,0,0,0,2026-09-28T13:49:11.000Z,2026-09-28T13:48:17.000Z,2026-08-27T20:08:00.000Z,True,0,7453,"[""Ai66LHZG9MCzg1WKdawwqduVAXpNDUuV8M3uyq5ppump""]",HISTORY_INCOMPLETE,0,2026-08-29T13:49:11.000Z,2026-09-28T12:12:19.173Z,,,4987,,0,0,0,,,
"{""status"": ""REJECTED"", ""reasons"": [""closed episodes 0 < 30"", ""distinct tokens 0 < 20"", ""active days 0 < 7"", ""coverage 0 bps < 9000"", ""total PnL 0.00 USD not positive"", ""losing episodes 0 < 5 (profit factor not meaningful)"", ""profit factor n/a < 1.2"", ""single token share null bps"", ""history truncated or unavailable (coverage unknown)""], ""total_pnl_usd"": ""0"", ""closed_episodes"": 0}",0,0,{},0,"{""signature_scan_id"": ""138"", ""cached_transactions"": 0}",0,,,extractor v1; balance-normalizer v1,0,BiUdCJQwp6sZWvprhqoX2kuEW2dB497hc33ZtSfCkcAN,0,0,"[""5068 transactions in window > per-wallet budget 2000 (deferred, not scored)""]",0,7,"binance-1m-open:SOLUSDT,USDCUSDT;USDT=USD parity;v1",True,observed_buyer,False,0,0,,5068,,0,0,0,"[""HISTORY_INCOMPLETE""]",5,,0,0,0,2026-09-28T13:49:11.000Z,2026-09-28T13:48:27.000Z,2026-09-17T11:36:15.000Z,True,0,5073,"[""6GmAFSYs4gk3FDao5FzzySQpPZaWsa4rUJHacpMpUNgx""]",HISTORY_INCOMPLETE,0,2026-08-29T13:49:11.000Z,2026-09-28T12:12:19.173Z,,,5068,,0,0,0,,,
"{""status"": ""REJECTED"", ""reasons"": [""closed episodes 0 < 30"", ""distinct tokens 0 < 20"", ""active days 0 < 7"", ""coverage 0 bps < 9000"", ""total PnL 0.00 USD not positive"", ""losing episodes 0 < 5 (profit factor not meaningful)"", ""profit factor n/a < 1.2"", ""single token share null bps"", ""history truncated or unavailable (coverage unknown)""], ""total_pnl_usd"": ""0"", ""closed_episodes"": 0}",0,0,{},0,"{""signature_scan_id"": ""139"", ""cached_transactions"": 0}",0,,,extractor v1; balance-normalizer v1,0,BjS5dz8BPpSn42fk1VkcFuWCATRPGwUbXvwYJvujsJ2A,0,0,"[""6871 transactions in window > per-wallet budget 2000 (deferred, not scored)""]",0,7,"binance-1m-open:SOLUSDT,USDCUSDT;USDT=USD parity;v1",True,observed_buyer,False,0,0,,6871,,0,0,0,"[""HISTORY_INCOMPLETE""]",81,,0,0,0,2026-09-28T13:49:11.000Z,2026-09-28T13:50:05.000Z,2026-08-28T18:27:06.000Z,True,0,6952,"[""3ZLekZYq2qkZiSpnSvabjit34tUkjSwD1JFuW9as9wBG""]",HISTORY_INCOMPLETE,0,2026-08-29T13:49:11.000Z,2026-09-28T12:06:53.638Z,,,6871,,0,0,0,,,
"{""status"": ""REJECTED"", ""reasons"": [""distinct tokens 1 < 20"", ""total PnL -8.88 USD not positive"", ""profit factor 0.00 < 1.2"", ""single token share 10000 bps"", ""history truncated or unavailable (coverage unknown)""], ""total_pnl_usd"": ""-8.884275316527230945744"", ""closed_episodes"": 154}",0,0,{},0,"{""signature_scan_id"": ""146"", ""cached_transactions"": 0}",0,,,extractor v1; balance-normalizer v1,0,C33PU4pT8FMxkwB6aizborD6q5pjKV4T2B7xksUQzEdS,0,0,"[""2375 transactions in window > per-wallet budget 2000 (deferred, not scored)""]",0,3,"binance-1m-open:SOLUSDT,USDCUSDT;USDT=USD parity;v1",True,observed_buyer,False,0,0,,2375,,0,0,0,"[""HISTORY_INCOMPLETE""]",40,,0,0,0,2026-09-28T13:49:11.000Z,2026-09-28T12:50:54.000Z,2026-08-29T06:32:05.000Z,True,0,2415,"[""XsoCS1TfEyfFhfvj8EtZ528L3CaKBDBRqRapnBbDF2W""]",HISTORY_INCOMPLETE,0,2026-08-29T13:49:11.000Z,2026-09-28T12:22:00.234Z,,,2375,,0,0,0,,,
"{""status"": ""REJECTED"", ""reasons"": [""closed episodes 0 < 30"", ""distinct tokens 0 < 20"", ""active days 0 < 7"", ""coverage 0 bps < 9000"", ""total PnL 0.00 USD not positive"", ""losing episodes 0 < 5 (profit factor not meaningful)"", ""profit factor n/a < 1.2"", ""single token share null bps"", ""history truncated or unavailable (coverage unknown)""], ""total_pnl_usd"": ""0"", ""closed_episodes"": 0}",0,0,{},0,"{""signature_scan_id"": ""148"", ""cached_transactions"": 0}",0,,,extractor v1; balance-normalizer v1,0,CBmXCgZtznmuKc33hT6nfv1KAZ4q2K555dGB5Wu7wgBU,0,0,"[""global budget left 284 < 1192 (deferred, not scored)""]",0,3,"binance-1m-open:SOLUSDT,USDCUSDT;USDT=USD parity;v1",True,observed_buyer,False,0,0,,1192,,0,0,0,"[""HISTORY_INCOMPLETE""]",8,,0,0,0,2026-09-28T13:49:11.000Z,2026-09-28T13:50:02.000Z,2026-09-26T18:38:36.000Z,True,0,1200,"[""JUPyiwrYJFskUPiHa7hkeR8VUtAeFoSYbKedZNsDvCN""]",HISTORY_INCOMPLETE,0,2026-08-29T13:49:11.000Z,2026-09-28T12:12:19.173Z,,,1192,,0,0,0,,,
"{""status"": ""REJECTED"", ""reasons"": [""closed episodes 0 < 30"", ""distinct tokens 0 < 20"", ""active days 0 < 7"", ""coverage 0 bps < 9000"", ""total PnL 0.00 USD not positive"", ""losing episodes 0 < 5 (profit factor not meaningful)"", ""profit factor n/a < 1.2"", ""single token share null bps"", ""history truncated or unavailable (coverage unknown)""], ""total_pnl_usd"": ""0"", ""closed_episodes"": 0}",0,0,{},0,"{""signature_scan_id"": ""150"", ""cached_transactions"": 0}",0,,,extractor v1; balance-normalizer v1,0,CKuBTzPwzrCisqQMQfAjNn6jKcfny8ny4rJVN3cxLjcf,0,0,"[""signature scan stopped after 10 pages before reaching the window start""]",0,10,"binance-1m-open:SOLUSDT,USDCUSDT;USDT=USD parity;v1",False,observed_buyer,False,0,0,,9172,,0,0,0,"[""HISTORY_INCOMPLETE""]",821,,0,0,0,2026-09-28T13:49:11.000Z,2026-09-28T13:50:59.000Z,2026-09-27T11:01:28.000Z,False,0,9993,"[""6GmAFSYs4gk3FDao5FzzySQpPZaWsa4rUJHacpMpUNgx""]",HISTORY_INCOMPLETE,0,2026-08-29T13:49:11.000Z,2026-09-28T12:06:53.638Z,,,9172,,0,0,0,,,
"{""status"": ""REJECTED"", ""reasons"": [""coverage 6993 bps < 9000"", ""total PnL -67.30 USD not positive"", ""profit factor 0.08 < 1.2"", ""single token share 5575 bps"", ""infrastructure role"", ""history truncated or unavailable (coverage unknown)""], ""total_pnl_usd"": ""-67.297587543322689772459018728"", ""closed_episodes"": 207}",0,0,{},0,"{""signature_scan_id"": ""157"", ""cached_transactions"": 0}",0,,,extractor v1; balance-normalizer v1,0,CZAULZtYHndhKaZ7UxtojqMgEt5oXZ1Bhm7nMXoK4Dyp,0,0,"[""3664 transactions in window > per-wallet budget 2000 (deferred, not scored)""]",0,4,"binance-1m-open:SOLUSDT,USDCUSDT;USDT=USD parity;v1",True,observed_buyer,False,0,0,,3664,,0,0,0,"[""HISTORY_INCOMPLETE""]",12,,0,0,0,2026-09-28T13:49:11.000Z,2026-09-28T13:19:17.000Z,2026-08-29T13:31:18.000Z,True,0,3676,"[""CGfVJX4D35wE8kviKKE1XyKU9EHRXe4Zsw3R55ABpump""]",HISTORY_INCOMPLETE,0,2026-08-29T13:49:11.000Z,2026-09-28T12:12:19.173Z,,,3664,,0,0,0,,,
"{""status"": ""REJECTED"", ""reasons"": [""closed episodes 0 < 30"", ""distinct tokens 0 < 20"", ""active days 0 < 7"", ""coverage 0 bps < 9000"", ""total PnL 0.00 USD not positive"", ""losing episodes 0 < 5 (profit factor not meaningful)"", ""profit factor n/a < 1.2"", ""single token share null bps"", ""history truncated or unavailable (coverage unknown)""], ""total_pnl_usd"": ""0"", ""closed_episodes"": 0}",0,0,{},0,"{""signature_scan_id"": ""147"", ""cached_transactions"": 0}",0,,,extractor v1; balance-normalizer v1,0,CbmsDq5Xp9SpvRtFaVKBFDksjm7Lf7SwvaJH7azoLgmY,0,0,"[""global budget left 284 < 1690 (deferred, not scored)""]",0,2,"binance-1m-open:SOLUSDT,USDCUSDT;USDT=USD parity;v1",True,observed_buyer,False,0,0,,1690,,0,0,0,"[""HISTORY_INCOMPLETE""]",41,,0,0,0,2026-09-28T13:49:11.000Z,2026-09-28T12:47:01.000Z,2026-08-29T12:00:13.000Z,True,0,1731,"[""A7bdiYdS5GjqGFtxf17ppRHtDKPkkRqbKtR27dxvQXaS""]",HISTORY_INCOMPLETE,0,2026-08-29T13:49:11.000Z,2026-09-28T12:12:19.173Z,,,1690,,0,0,0,,,
"{""status"": ""REJECTED"", ""reasons"": [""closed episodes 1 < 30"", ""distinct tokens 1 < 20"", ""coverage 8235 bps < 9000"", ""single token share 10000 bps""], ""total_pnl_usd"": ""145.811149109507431459438053"", ""closed_episodes"": 1}",0,0,{},0,"{""signature_scan_id"": ""154"", ""cached_transactions"": 0}",0,,,extractor v1; balance-normalizer v1,0,CrNKfEr6th3SUBG68j4kJMJLx8y7uVj5U4CL5zYzptdF,0,0,"[""2326 transactions in window > per-wallet budget 2000 (deferred, not scored)""]",0,3,"binance-1m-open:SOLUSDT,USDCUSDT;USDT=USD parity;v1",True,observed_buyer,False,0,0,,2326,,0,0,0,"[""HISTORY_INCOMPLETE""]",20,,0,0,0,2026-09-28T13:49:11.000Z,2026-09-28T12:23:22.000Z,2026-08-28T13:15:56.000Z,True,0,2346,"[""pumpCmXqMfrsAkQ5r49WcJnRayYRqmXz6ae8H7H9Dfn"", ""2zMMhcVQEXDtdE6vsFS7S7D5oUodfJHE8vd1gnBouauv""]",HISTORY_INCOMPLETE,0,2026-08-29T13:49:11.000Z,2026-09-28T12:12:19.173Z,,,2326,,0,0,0,,,
"{""status"": ""REJECTED"", ""reasons"": [""closed episodes 15 < 30"", ""distinct tokens 11 < 20"", ""active days 1 < 7"", ""single token share 5420 bps"", ""history truncated or unavailable (coverage unknown)""], ""total_pnl_usd"": ""11536.3796555360021387706912031"", ""closed_episodes"": 15}",0,0,{},0,"{""signature_scan_id"": ""152"", ""cached_transactions"": 0}",0,,,extractor v1; balance-normalizer v1,0,CreQJ2t94QK5dsxUZGXfPJ8Nx7wA9LHr5chxjSMkbNft,0,0,"[""signature scan stopped after 10 pages before reaching the window start""]",0,10,"binance-1m-open:SOLUSDT,USDCUSDT;USDT=USD parity;v1",False,observed_buyer,False,0,0,,4098,,0,0,0,"[""HISTORY_INCOMPLETE""]",5791,,0,0,0,2026-09-28T13:49:11.000Z,2026-09-28T13:51:07.000Z,2026-09-28T07:51:44.000Z,False,0,9889,"[""cbbtcf3aa214zXHbiAZQwf4122FBYbraNdFqgw4iMij"", ""Dz9mQ9NzkBcCsuGPFJ3r1bS4wgqKMHBPiVuniW8Mbonk""]",HISTORY_INCOMPLETE,0,2026-08-29T13:49:11.000Z,2026-09-28T12:06:53.638Z,,,4098,,0,0,0,,,
"{""status"": ""REJECTED"", ""reasons"": [""distinct tokens 18 < 20"", ""active days 2 < 7"", ""total PnL -4155.39 USD not positive"", ""profit factor 0.42 < 1.2"", ""single token share 7862 bps"", ""history truncated or unavailable (coverage unknown)""], ""total_pnl_usd"": ""-4155.385821766929994877795429102"", ""closed_episodes"": 49}",0,0,{},0,"{""signature_scan_id"": ""153"", ""cached_transactions"": 0}",0,,,extractor v1; balance-normalizer v1,0,CriRAF1szoqkrS4FoutrGEqcC7iaNuEfkpVJ4uDothyj,0,0,"[""2977 transactions in window > per-wallet budget 2000 (deferred, not scored)""]",0,3,"binance-1m-open:SOLUSDT,USDCUSDT;USDT=USD parity;v1",True,observed_buyer,False,0,0,,2977,,0,0,0,"[""HISTORY_INCOMPLETE""]",10,,0,0,0,2026-09-28T13:49:11.000Z,2026-09-28T13:50:45.000Z,2026-08-29T11:52:39.000Z,True,0,2987,"[""CGfVJX4D35wE8kviKKE1XyKU9EHRXe4Zsw3R55ABpump""]",HISTORY_INCOMPLETE,0,2026-08-29T13:49:11.000Z,2026-09-28T12:12:19.173Z,,,2977,,0,0,0,,,
"{""status"": ""REJECTED"", ""reasons"": [""distinct tokens 9 < 20"", ""active days 1 < 7"", ""history truncated or unavailable (coverage unknown)""], ""total_pnl_usd"": ""3972.9525942287677014537013325"", ""closed_episodes"": 37}",0,0,{},0,"{""signature_scan_id"": ""158"", ""cached_transactions"": 0}",0,,,extractor v1; balance-normalizer v1,0,D3b8PmLXvwMzLPgHvhwkGgLV4BRfF8UuVSSbC1fZwERe,0,0,"[""signature scan stopped after 10 pages before reaching the window start""]",0,10,"binance-1m-open:SOLUSDT,USDCUSDT;USDT=USD parity;v1",False,observed_buyer,False,0,0,,9960,,0,0,0,"[""HISTORY_INCOMPLETE""]",29,,0,0,0,2026-09-28T13:49:11.000Z,2026-09-28T13:51:10.000Z,2026-09-24T06:56:29.000Z,False,0,9989,"[""pumpCmXqMfrsAkQ5r49WcJnRayYRqmXz6ae8H7H9Dfn""]",HISTORY_INCOMPLETE,0,2026-08-29T13:49:11.000Z,2026-09-28T12:12:19.173Z,,,9960,,0,0,0,,,
"{""status"": ""REJECTED"", ""reasons"": [""active days 4 < 7"", ""total PnL -362.28 USD not positive"", ""profit factor 0.63 < 1.2"", ""history truncated or unavailable (coverage unknown)""], ""total_pnl_usd"": ""-362.277612805909768195162623752"", ""closed_episodes"": 280}",0,0,{},0,"{""signature_scan_id"": ""163"", ""cached_transactions"": 0}",0,,,extractor v1; balance-normalizer v1,0,DJqXxfMgGjvxBGxdzg56vDy5PRTzQyiVkCYm88irGECL,0,0,"[""4046 transactions in window > per-wallet budget 2000 (deferred, not scored)""]",0,5,"binance-1m-open:SOLUSDT,USDCUSDT;USDT=USD parity;v1",True,observed_buyer,False,0,0,,4046,,0,0,0,"[""HISTORY_INCOMPLETE""]",55,,0,0,0,2026-09-28T13:49:11.000Z,2026-09-28T13:51:14.000Z,2026-08-29T13:31:31.000Z,True,0,4101,"[""3iUTyNYW6xKv5kZUjtbrEDTsuJTrSVwvB3bQtxkLpump""]",HISTORY_INCOMPLETE,0,2026-08-29T13:49:11.000Z,2026-09-28T12:22:00.234Z,,,4046,,0,0,0,,,
"{""status"": ""REJECTED"", ""reasons"": [""distinct tokens 12 < 20"", ""total PnL -1887.65 USD not positive"", ""profit factor 0.42 < 1.2"", ""history truncated or unavailable (coverage unknown)""], ""total_pnl_usd"": ""-1887.6462585344767860500893548560494"", ""closed_episodes"": 30}",0,0,{},0,"{""signature_scan_id"": ""166"", ""cached_transactions"": 0}",0,,,extractor v1; balance-normalizer v1,0,DPsL9go5FRwZZhTY5QXd4ZF87Bw51WsN7WWhzMiJYcrf,0,0,"[""global budget left 284 < 1754 (deferred, not scored)""]",0,2,"binance-1m-open:SOLUSDT,USDCUSDT;USDT=USD parity;v1",True,observed_buyer,False,0,0,,1754,,0,0,0,"[""HISTORY_INCOMPLETE""]",2,,0,0,0,2026-09-28T13:49:11.000Z,2026-09-28T12:31:36.000Z,2026-08-29T11:47:51.000Z,True,0,1756,"[""CGfVJX4D35wE8kviKKE1XyKU9EHRXe4Zsw3R55ABpump""]",HISTORY_INCOMPLETE,0,2026-08-29T13:49:11.000Z,2026-09-28T12:12:19.173Z,,,1754,,0,0,0,,,
"{""status"": ""REJECTED"", ""reasons"": [""distinct tokens 1 < 20"", ""total PnL -12.81 USD not positive"", ""profit factor 0.03 < 1.2"", ""single token share 10000 bps"", ""history truncated or unavailable (coverage unknown)""], ""total_pnl_usd"": ""-12.813496754674802821288"", ""closed_episodes"": 57}",0,0,{},0,"{""signature_scan_id"": ""167"", ""cached_transactions"": 0}",0,,,extractor v1; balance-normalizer v1,0,DQYPELTttsJJmf9hmrBejwMsHF2N56ofir5HGTgwfZpY,0,0,"[""2322 transactions in window > per-wallet budget 2000 (deferred, not scored)""]",0,3,"binance-1m-open:SOLUSDT,USDCUSDT;USDT=USD parity;v1",True,observed_buyer,False,0,0,,2322,,0,0,0,"[""HISTORY_INCOMPLETE""]",58,,0,0,0,2026-09-28T13:49:11.000Z,2026-09-28T12:50:47.000Z,2026-08-29T10:11:58.000Z,True,0,2380,"[""XsoCS1TfEyfFhfvj8EtZ528L3CaKBDBRqRapnBbDF2W""]",HISTORY_INCOMPLETE,0,2026-08-29T13:49:11.000Z,2026-09-28T12:22:00.234Z,,,2322,,0,0,0,,,
"{""status"": ""REJECTED"", ""reasons"": [""active days 3 < 7"", ""total PnL -767.53 USD not positive"", ""profit factor 0.30 < 1.2"", ""history truncated or unavailable (coverage unknown)""], ""total_pnl_usd"": ""-767.528513675628239901476730978"", ""closed_episodes"": 155}",0,0,{},0,"{""signature_scan_id"": ""162"", ""cached_transactions"": 0}",0,,,extractor v1; balance-normalizer v1,0,DhjvKnSwX1duvbG2uhc946tPC891RhbNGePCL7bt7BpD,0,0,"[""global budget left 284 < 1872 (deferred, not scored)""]",0,4,"binance-1m-open:SOLUSDT,USDCUSDT;USDT=USD parity;v1",True,observed_buyer,False,0,0,,1872,,0,0,0,"[""HISTORY_INCOMPLETE""]",139,,0,0,0,2026-09-28T13:49:11.000Z,2026-09-28T13:42:51.000Z,2026-09-25T10:39:11.000Z,True,0,2011,"[""CbcyNo7m1amFWqEQm2m4PLv1UNvpcL3C1Ujm6AkzpKoU""]",HISTORY_INCOMPLETE,0,2026-08-29T13:49:11.000Z,2026-09-28T12:22:00.234Z,,,1872,,0,0,0,,,
"{""status"": ""REJECTED"", ""reasons"": [""distinct tokens 1 < 20"", ""active days 4 < 7"", ""total PnL -45.72 USD not positive"", ""profit factor 0.00 < 1.2"", ""single token share 10000 bps""], ""total_pnl_usd"": ""-45.718685041096460458272"", ""closed_episodes"": 163}",0,0,{},0,"{""signature_scan_id"": ""165"", ""cached_transactions"": 0}",0,,,extractor v1; balance-normalizer v1,0,DmAXV9dTDi9q1GYYXaaWM2QFY3x9pARkTSGoVpNK8Q5q,0,0,"[""2540 transactions in window > per-wallet budget 2000 (deferred, not scored)""]",0,3,"binance-1m-open:SOLUSDT,USDCUSDT;USDT=USD parity;v1",True,observed_buyer,False,0,0,,2540,,0,0,0,"[""HISTORY_INCOMPLETE""]",0,,0,0,0,2026-09-28T13:49:11.000Z,2026-09-28T12:22:58.000Z,2026-08-29T01:40:04.000Z,True,0,2540,"[""XsoCS1TfEyfFhfvj8EtZ528L3CaKBDBRqRapnBbDF2W""]",HISTORY_INCOMPLETE,0,2026-08-29T13:49:11.000Z,2026-09-28T12:22:00.234Z,,,2540,,0,0,0,,,
"{""status"": ""REJECTED"", ""reasons"": [""closed episodes 0 < 30"", ""distinct tokens 0 < 20"", ""active days 0 < 7"", ""coverage 0 bps < 9000"", ""total PnL 0.00 USD not positive"", ""losing episodes 0 < 5 (profit factor not meaningful)"", ""profit factor n/a < 1.2"", ""single token share null bps"", ""history truncated or unavailable (coverage unknown)""], ""total_pnl_usd"": ""0"", ""closed_episodes"": 0}",0,0,{},0,"{""signature_scan_id"": ""170"", ""cached_transactions"": 0}",0,,,extractor v1; balance-normalizer v1,0,E3odDyJsgGnd19QFrELnmyhFj8WqxYLN7NZ2cR1ek59e,0,0,"[""signature scan stopped after 10 pages before reaching the window start""]",0,10,"binance-1m-open:SOLUSDT,USDCUSDT;USDT=USD parity;v1",False,observed_buyer,False,0,0,,6220,,0,0,0,"[""HISTORY_INCOMPLETE""]",3780,,0,0,0,2026-09-28T13:49:11.000Z,2026-09-28T13:48:58.000Z,2026-09-05T07:23:40.000Z,False,0,10000,"[""CbcyNo7m1amFWqEQm2m4PLv1UNvpcL3C1Ujm6AkzpKoU""]",HISTORY_INCOMPLETE,0,2026-08-29T13:49:11.000Z,2026-09-28T12:12:19.173Z,,,6220,,0,0,0,,,
"{""status"": ""REJECTED"", ""reasons"": [""active days 6 < 7"", ""coverage 8668 bps < 9000"", ""profit factor 1.09 < 1.2"", ""single token share 6520 bps"", ""history truncated or unavailable (coverage unknown)""], ""total_pnl_usd"": ""1707.5437018930639172355934573"", ""closed_episodes"": 121}",0,0,{},0,"{""signature_scan_id"": ""171"", ""cached_transactions"": 0}",0,,,extractor v1; balance-normalizer v1,0,E5uw9EVDSWzEnkkjxV5KBgFFgmMfUCt1YL3JMfusADBy,0,0,"[""global budget left 284 < 1672 (deferred, not scored)""]",0,2,"binance-1m-open:SOLUSDT,USDCUSDT;USDT=USD parity;v1",True,observed_buyer,False,0,0,,1672,,0,0,0,"[""HISTORY_INCOMPLETE""]",108,,0,0,0,2026-09-28T13:49:11.000Z,2026-09-28T13:51:23.000Z,2026-08-25T13:13:14.000Z,True,0,1780,"[""CbcyNo7m1amFWqEQm2m4PLv1UNvpcL3C1Ujm6AkzpKoU""]",HISTORY_INCOMPLETE,0,2026-08-29T13:49:11.000Z,2026-09-28T12:22:00.234Z,,,1672,,0,0,0,,,
"{""status"": ""REJECTED"", ""reasons"": [""closed episodes 0 < 30"", ""distinct tokens 0 < 20"", ""active days 0 < 7"", ""coverage 0 bps < 9000"", ""total PnL 0.00 USD not positive"", ""losing episodes 0 < 5 (profit factor not meaningful)"", ""profit factor n/a < 1.2"", ""single token share null bps"", ""history truncated or unavailable (coverage unknown)""], ""total_pnl_usd"": ""0"", ""closed_episodes"": 0}",0,0,{},0,"{""signature_scan_id"": ""175"", ""cached_transactions"": 0}",0,,,extractor v1; balance-normalizer v1,0,ESuvjvsQtjuxC4XGsDeMhx8Wp5yjQcCFGncGhupcJbg8,0,0,"[""signature scan stopped after 10 pages before reaching the window start""]",0,10,"binance-1m-open:SOLUSDT,USDCUSDT;USDT=USD parity;v1",False,observed_buyer,False,0,0,,9537,,0,0,0,"[""HISTORY_INCOMPLETE""]",436,,0,0,0,2026-09-28T13:49:11.000Z,2026-09-28T13:51:16.000Z,2026-09-27T08:39:38.000Z,False,0,9973,"[""2zMMhcVQEXDtdE6vsFS7S7D5oUodfJHE8vd1gnBouauv""]",HISTORY_INCOMPLETE,0,2026-08-29T13:49:11.000Z,2026-09-28T12:06:53.638Z,,,9537,,0,0,0,,,
"{""status"": ""REJECTED"", ""reasons"": [""distinct tokens 10 < 20"", ""total PnL -8.52 USD not positive"", ""profit factor 0.44 < 1.2"", ""single token share 5237 bps"", ""history truncated or unavailable (coverage unknown)""], ""total_pnl_usd"": ""-8.515211827359372197032364"", ""closed_episodes"": 34}",0,0,{},0,"{""signature_scan_id"": ""177"", ""cached_transactions"": 0}",0,,,extractor v1; balance-normalizer v1,0,EXUyowG7YeRCcxHDQ7J48CtXi9KEN954U1dora7dpwd9,0,0,"[""global budget left 284 < 1224 (deferred, not scored)""]",0,2,"binance-1m-open:SOLUSDT,USDCUSDT;USDT=USD parity;v1",True,observed_buyer,False,0,0,,1224,,0,0,0,"[""HISTORY_INCOMPLETE""]",20,,0,0,0,2026-09-28T13:49:11.000Z,2026-09-28T12:13:22.000Z,2026-08-29T13:48:53.000Z,True,0,1244,"[""XsoCS1TfEyfFhfvj8EtZ528L3CaKBDBRqRapnBbDF2W""]",HISTORY_INCOMPLETE,0,2026-08-29T13:49:11.000Z,2026-09-28T12:22:00.234Z,,,1224,,0,0,0,,,
"{""status"": ""REJECTED"", ""reasons"": [""closed episodes 17 < 30"", ""distinct tokens 13 < 20"", ""active days 1 < 7"", ""single token share 4372 bps"", ""history truncated or unavailable (coverage unknown)""], ""total_pnl_usd"": ""1076.944901279495922005607216027"", ""closed_episodes"": 17}",0,0,{},0,"{""signature_scan_id"": ""179"", ""cached_transactions"": 0}",0,,,extractor v1; balance-normalizer v1,0,EYvwg12vXcUN7pF1fASQZZgQ9RbVUMLjKqqCfi961ptw,0,0,"[""signature scan stopped after 10 pages before reaching the window start""]",0,10,"binance-1m-open:SOLUSDT,USDCUSDT;USDT=USD parity;v1",False,observed_buyer,False,0,0,,9111,,0,0,0,"[""HISTORY_INCOMPLETE""]",860,,0,0,0,2026-09-28T13:49:11.000Z,2026-09-28T13:51:30.000Z,2026-09-27T21:10:24.000Z,False,0,9971,"[""CGfVJX4D35wE8kviKKE1XyKU9EHRXe4Zsw3R55ABpump""]",HISTORY_INCOMPLETE,0,2026-08-29T13:49:11.000Z,2026-09-28T12:12:19.173Z,,,9111,,0,0,0,,,
"{""status"": ""REJECTED"", ""reasons"": [""closed episodes 16 < 30"", ""distinct tokens 10 < 20"", ""active days 2 < 7"", ""total PnL -1226.62 USD not positive"", ""profit factor 0.82 < 1.2"", ""history truncated or unavailable (coverage unknown)""], ""total_pnl_usd"": ""-1226.61804865908353149179787885"", ""closed_episodes"": 16}",0,0,{},0,"{""signature_scan_id"": ""176"", ""cached_transactions"": 0}",0,,,extractor v1; balance-normalizer v1,0,EwnHg8KWvGY5e3Q7MYvxH2JZXPJebqB9Py3fPA7AS6XQ,0,0,"[""signature scan stopped after 10 pages before reaching the window start""]",0,10,"binance-1m-open:SOLUSDT,USDCUSDT;USDT=USD parity;v1",False,observed_buyer,False,0,0,,7810,,0,0,0,"[""HISTORY_INCOMPLETE""]",2184,,0,0,0,2026-09-28T13:49:11.000Z,2026-09-28T13:50:44.000Z,2026-09-26T00:36:59.000Z,False,0,9994,"[""CbcyNo7m1amFWqEQm2m4PLv1UNvpcL3C1Ujm6AkzpKoU""]",HISTORY_INCOMPLETE,0,2026-08-29T13:49:11.000Z,2026-09-28T12:22:00.234Z,,,7810,,0,0,0,,,
"{""status"": ""REJECTED"", ""reasons"": [""closed episodes 7 < 30"", ""distinct tokens 6 < 20"", ""single token share 9622 bps"", ""history truncated or unavailable (coverage unknown)""], ""total_pnl_usd"": ""1964.14800028253511587096656"", ""closed_episodes"": 7}",0,0,{},0,"{""signature_scan_id"": ""182"", ""cached_transactions"": 0}",0,,,extractor v1; balance-normalizer v1,0,F8E4UPuSNVQGJpiPqE2DiEbCgEn55sLJKoNJ25vZTN3L,0,0,"[""global budget left 284 < 1637 (deferred, not scored)""]",0,2,"binance-1m-open:SOLUSDT,USDCUSDT;USDT=USD parity;v1",True,observed_buyer,False,0,0,,1637,,0,0,0,"[""HISTORY_INCOMPLETE""]",224,,0,0,0,2026-09-28T13:49:11.000Z,2026-09-28T13:46:51.000Z,2026-08-29T13:32:10.000Z,True,0,1861,"[""Ai66LHZG9MCzg1WKdawwqduVAXpNDUuV8M3uyq5ppump""]",HISTORY_INCOMPLETE,0,2026-08-29T13:49:11.000Z,2026-09-28T12:22:00.234Z,,,1637,,0,0,0,,,
"{""status"": ""REJECTED"", ""reasons"": [""closed episodes 0 < 30"", ""distinct tokens 0 < 20"", ""active days 0 < 7"", ""coverage 0 bps < 9000"", ""total PnL 0.00 USD not positive"", ""losing episodes 0 < 5 (profit factor not meaningful)"", ""profit factor n/a < 1.2"", ""single token share null bps"", ""history truncated or unavailable (coverage unknown)""], ""total_pnl_usd"": ""0"", ""closed_episodes"": 0}",0,0,{},0,"{""signature_scan_id"": ""184"", ""cached_transactions"": 0}",0,,,extractor v1; balance-normalizer v1,0,FHxTM1jLeEbTaVHWv5fZpXKEHtLNTCnZ8pbeiskmuB4b,0,0,"[""signature scan stopped after 10 pages before reaching the window start""]",0,10,"binance-1m-open:SOLUSDT,USDCUSDT;USDT=USD parity;v1",False,observed_buyer,False,0,0,,9227,,0,0,0,"[""HISTORY_INCOMPLETE""]",770,,0,0,0,2026-09-28T13:49:11.000Z,2026-09-28T13:50:49.000Z,2026-09-18T10:19:17.000Z,False,0,9997,"[""98kfF7rmsg1QDUEoCqNE7g7M1FdrTt92TEp2CLzypump"", ""Ai66LHZG9MCzg1WKdawwqduVAXpNDUuV8M3uyq5ppump""]",HISTORY_INCOMPLETE,0,2026-08-29T13:49:11.000Z,2026-09-28T12:12:19.173Z,,,9227,,0,0,0,,,
"{""status"": ""REJECTED"", ""reasons"": [""closed episodes 10 < 30"", ""distinct tokens 8 < 20"", ""active days 1 < 7"", ""total PnL -41773.35 USD not positive"", ""profit factor 0.06 < 1.2"", ""single token share 7264 bps"", ""history truncated or unavailable (coverage unknown)""], ""total_pnl_usd"": ""-41773.34509188356850874047490935"", ""closed_episodes"": 10}",0,0,{},0,"{""signature_scan_id"": ""185"", ""cached_transactions"": 0}",0,,,extractor v1; balance-normalizer v1,0,FJx61bqznoVfVDFoujYGgJoJsJq4DxDQ8K3YG5kgRm6G,0,0,"[""signature scan stopped after 10 pages before reaching the window start""]",0,10,"binance-1m-open:SOLUSDT,USDCUSDT;USDT=USD parity;v1",False,observed_buyer,False,0,0,,5074,,0,0,0,"[""HISTORY_INCOMPLETE""]",4761,,0,0,0,2026-09-28T13:49:11.000Z,2026-09-28T13:51:20.000Z,2026-09-28T07:40:35.000Z,False,0,9835,"[""Ai66LHZG9MCzg1WKdawwqduVAXpNDUuV8M3uyq5ppump""]",HISTORY_INCOMPLETE,0,2026-08-29T13:49:11.000Z,2026-09-28T12:06:53.638Z,,,5074,,0,0,0,,,
"{""status"": ""REJECTED"", ""reasons"": [""closed episodes 0 < 30"", ""distinct tokens 0 < 20"", ""active days 0 < 7"", ""coverage 0 bps < 9000"", ""total PnL 0.00 USD not positive"", ""losing episodes 0 < 5 (profit factor not meaningful)"", ""profit factor n/a < 1.2"", ""single token share null bps"", ""history truncated or unavailable (coverage unknown)""], ""total_pnl_usd"": ""0"", ""closed_episodes"": 0}",0,0,{},0,"{""signature_scan_id"": ""193"", ""cached_transactions"": 0}",0,,,extractor v1; balance-normalizer v1,0,FXnx1CkEEjv6sfo2yJ2UB1FjxeQs4ijtPibFtr9fAwoD,0,0,"[""3530 transactions in window > per-wallet budget 2000 (deferred, not scored)""]",0,4,"binance-1m-open:SOLUSDT,USDCUSDT;USDT=USD parity;v1",True,observed_buyer,False,0,0,,3530,,0,0,0,"[""HISTORY_INCOMPLETE""]",56,,0,0,0,2026-09-28T13:49:11.000Z,2026-09-28T13:50:13.000Z,2026-08-25T03:55:43.000Z,True,0,3586,"[""CbcyNo7m1amFWqEQm2m4PLv1UNvpcL3C1Ujm6AkzpKoU""]",HISTORY_INCOMPLETE,0,2026-08-29T13:49:11.000Z,2026-09-28T12:06:53.638Z,,,3530,,0,0,0,,,
"{""status"": ""REJECTED"", ""reasons"": [""closed episodes 11 < 30"", ""distinct tokens 7 < 20"", ""active days 1 < 7"", ""coverage 5341 bps < 9000"", ""single token share 4619 bps"", ""infrastructure role"", ""history truncated or unavailable (coverage unknown)""], ""total_pnl_usd"": ""15242.85519426378068631650047975"", ""closed_episodes"": 11}",0,0,{},0,"{""signature_scan_id"": ""186"", ""cached_transactions"": 0}",0,,,extractor v1; balance-normalizer v1,0,FkaLnX17cXZGyeu3kZGdHCNdFMJJzBrPPYVvd18B3MZp,0,0,"[""signature scan stopped after 10 pages before reaching the window start""]",0,10,"binance-1m-open:SOLUSDT,USDCUSDT;USDT=USD parity;v1",False,observed_buyer,False,0,0,,2899,,0,0,0,"[""HISTORY_INCOMPLETE""]",5621,,0,0,0,2026-09-28T13:49:11.000Z,2026-09-28T13:51:36.000Z,2026-09-28T13:35:04.000Z,False,0,8520,"[""pumpCmXqMfrsAkQ5r49WcJnRayYRqmXz6ae8H7H9Dfn"", ""JUPyiwrYJFskUPiHa7hkeR8VUtAeFoSYbKedZNsDvCN"", ""6p6xgHyF7AeE6TZkSmFsko444wqoP15icUSqi2jfGiPN"", ""3ZLekZYq2qkZiSpnSvabjit34tUkjSwD1JFuW9as9wBG""]",HISTORY_INCOMPLETE,0,2026-08-29T13:49:11.000Z,2026-09-28T12:06:53.638Z,,,2899,,0,0,0,,,
"{""status"": ""REJECTED"", ""reasons"": [""closed episodes 0 < 30"", ""distinct tokens 0 < 20"", ""active days 0 < 7"", ""coverage 0 bps < 9000"", ""total PnL 0.00 USD not positive"", ""losing episodes 0 < 5 (profit factor not meaningful)"", ""profit factor n/a < 1.2"", ""single token share null bps"", ""history truncated or unavailable (coverage unknown)""], ""total_pnl_usd"": ""0"", ""closed_episodes"": 0}",0,0,{},0,"{""signature_scan_id"": ""188"", ""cached_transactions"": 0}",0,,,extractor v1; balance-normalizer v1,0,FrhLfj81LRpMR3EwSSCGPzHmxsnoq8h628ne68vK5oMN,0,0,"[""signature scan stopped after 10 pages before reaching the window start""]",0,10,"binance-1m-open:SOLUSDT,USDCUSDT;USDT=USD parity;v1",False,observed_buyer,False,0,0,,2008,,0,0,0,"[""HISTORY_INCOMPLETE""]",7944,,0,0,0,2026-09-28T13:49:11.000Z,2026-09-28T13:51:39.000Z,2026-09-27T16:28:53.000Z,False,0,9952,"[""2zMMhcVQEXDtdE6vsFS7S7D5oUodfJHE8vd1gnBouauv""]",HISTORY_INCOMPLETE,0,2026-08-29T13:49:11.000Z,2026-09-28T12:06:53.638Z,,,2008,,0,0,0,,,
"{""status"": ""REJECTED"", ""reasons"": [""closed episodes 0 < 30"", ""distinct tokens 0 < 20"", ""active days 0 < 7"", ""coverage 0 bps < 9000"", ""total PnL 0.00 USD not positive"", ""losing episodes 0 < 5 (profit factor not meaningful)"", ""profit factor n/a < 1.2"", ""single token share null bps"", ""history truncated or unavailable (coverage unknown)""], ""total_pnl_usd"": ""0"", ""closed_episodes"": 0}",0,0,{},0,"{""signature_scan_id"": ""189"", ""cached_transactions"": 0}",0,,,extractor v1; balance-normalizer v1,0,FtFtF8iamFC3gCv5VYUTBd1G4r1XEc1TbcHyuy6hkJPQ,0,0,"[""signature scan stopped after 10 pages before reaching the window start""]",0,10,"binance-1m-open:SOLUSDT,USDCUSDT;USDT=USD parity;v1",False,observed_buyer,False,0,0,,502,,0,0,0,"[""HISTORY_INCOMPLETE""]",8458,,0,0,0,2026-09-28T13:49:11.000Z,2026-09-28T13:51:42.000Z,2026-09-28T13:31:27.000Z,False,0,8960,"[""A7bdiYdS5GjqGFtxf17ppRHtDKPkkRqbKtR27dxvQXaS"", ""Dz9mQ9NzkBcCsuGPFJ3r1bS4wgqKMHBPiVuniW8Mbonk""]",HISTORY_INCOMPLETE,0,2026-08-29T13:49:11.000Z,2026-09-28T12:12:19.173Z,,,502,,0,0,0,,,
"{""status"": ""REJECTED"", ""reasons"": [""closed episodes 7 < 30"", ""distinct tokens 7 < 20"", ""active days 1 < 7"", ""single token share 5433 bps"", ""history truncated or unavailable (coverage unknown)""], ""total_pnl_usd"": ""1955.739172639915619611913853025"", ""closed_episodes"": 7}",0,0,{},0,"{""signature_scan_id"": ""198"", ""cached_transactions"": 0}",0,,,extractor v1; balance-normalizer v1,0,GJvewfRjqTUPtx6WsBSUnaFbdgXwgXnWfpDyLm65T4YA,0,0,"[""signature scan stopped after 10 pages before reaching the window start""]",0,10,"binance-1m-open:SOLUSDT,USDCUSDT;USDT=USD parity;v1",False,observed_buyer,False,0,0,,856,,0,0,0,"[""HISTORY_INCOMPLETE""]",7314,,0,0,0,2026-09-28T13:49:11.000Z,2026-09-28T13:51:47.000Z,2026-09-28T13:16:10.000Z,False,0,8170,"[""2zMMhcVQEXDtdE6vsFS7S7D5oUodfJHE8vd1gnBouauv"", ""3ZLekZYq2qkZiSpnSvabjit34tUkjSwD1JFuW9as9wBG""]",HISTORY_INCOMPLETE,0,2026-08-29T13:49:11.000Z,2026-09-28T12:06:53.638Z,,,856,,0,0,0,,,
"{""status"": ""REJECTED"", ""reasons"": [""closed episodes 6 < 30"", ""distinct tokens 2 < 20"", ""active days 1 < 7"", ""history truncated or unavailable (coverage unknown)""], ""total_pnl_usd"": ""864.052384120689102789864245"", ""closed_episodes"": 6}",0,0,{},0,"{""signature_scan_id"": ""208"", ""cached_transactions"": 0}",0,,,extractor v1; balance-normalizer v1,0,Hasda78TSaT9bjiPxDBvP4GpohFpP3TDTaJEcCYK5kyN,0,0,"[""signature scan stopped after 10 pages before reaching the window start""]",0,10,"binance-1m-open:SOLUSDT,USDCUSDT;USDT=USD parity;v1",False,observed_buyer,False,0,0,,9308,,0,0,0,"[""HISTORY_INCOMPLETE""]",374,,0,0,0,2026-09-28T13:49:11.000Z,2026-09-28T13:51:49.000Z,2026-09-28T07:36:03.000Z,False,0,9682,"[""A7bdiYdS5GjqGFtxf17ppRHtDKPkkRqbKtR27dxvQXaS"", ""2zMMhcVQEXDtdE6vsFS7S7D5oUodfJHE8vd1gnBouauv"", ""SKHYhSjuRWHgikq8eRKbtBbpABgJSkd7ytQV14i9EQ3""]",HISTORY_INCOMPLETE,0,2026-08-29T13:49:11.000Z,2026-09-28T12:06:53.638Z,,,9308,,0,0,0,,,
"{""status"": ""REJECTED"", ""reasons"": [""active days 2 < 7"", ""profit factor 1.18 < 1.2"", ""history truncated or unavailable (coverage unknown)""], ""total_pnl_usd"": ""467.000397297124059586364983201"", ""closed_episodes"": 136}",0,0,{},0,"{""signature_scan_id"": ""209"", ""cached_transactions"": 0}",0,,,extractor v1; balance-normalizer v1,0,HbnEC9YnYG1Xdf7d45yvZpKsp6nubvY5kfx3nmVXQ1Yq,0,0,"[""signature scan stopped after 10 pages before reaching the window start""]",0,10,"binance-1m-open:SOLUSDT,USDCUSDT;USDT=USD parity;v1",False,observed_buyer,False,0,0,,9264,,0,0,0,"[""HISTORY_INCOMPLETE""]",733,,0,0,0,2026-09-28T13:49:11.000Z,2026-09-28T13:50:59.000Z,2026-09-18T18:41:08.000Z,False,0,9997,"[""CGfVJX4D35wE8kviKKE1XyKU9EHRXe4Zsw3R55ABpump""]",HISTORY_INCOMPLETE,0,2026-08-29T13:49:11.000Z,2026-09-28T12:12:19.173Z,,,9264,,0,0,0,,,
"{""status"": ""REJECTED"", ""reasons"": [""closed episodes 0 < 30"", ""distinct tokens 0 < 20"", ""active days 0 < 7"", ""coverage 0 bps < 9000"", ""total PnL 0.00 USD not positive"", ""losing episodes 0 < 5 (profit factor not meaningful)"", ""profit factor n/a < 1.2"", ""single token share null bps"", ""history truncated or unavailable (coverage unknown)""], ""total_pnl_usd"": ""0"", ""closed_episodes"": 0}",0,0,{},0,"{""signature_scan_id"": ""212"", ""cached_transactions"": 0}",0,,,extractor v1; balance-normalizer v1,0,HhwjAgZ4LWqVDTeG2zVwoj5WjXEoTfpJaycyWMh6h6y9,0,0,"[""2507 transactions in window > per-wallet budget 2000 (deferred, not scored)""]",0,3,"binance-1m-open:SOLUSDT,USDCUSDT;USDT=USD parity;v1",True,observed_buyer,False,0,0,,2507,,0,0,0,"[""HISTORY_INCOMPLETE""]",91,,0,0,0,2026-09-28T13:49:11.000Z,2026-09-28T13:44:00.000Z,2026-08-29T12:14:17.000Z,True,0,2598,"[""6GmAFSYs4gk3FDao5FzzySQpPZaWsa4rUJHacpMpUNgx"", ""A7bdiYdS5GjqGFtxf17ppRHtDKPkkRqbKtR27dxvQXaS"", ""6p6xgHyF7AeE6TZkSmFsko444wqoP15icUSqi2jfGiPN""]",HISTORY_INCOMPLETE,0,2026-08-29T13:49:11.000Z,2026-09-28T12:12:19.173Z,,,2507,,0,0,0,,,
"{""status"": ""REJECTED"", ""reasons"": [""closed episodes 0 < 30"", ""distinct tokens 0 < 20"", ""active days 0 < 7"", ""coverage 0 bps < 9000"", ""total PnL 0.00 USD not positive"", ""losing episodes 0 < 5 (profit factor not meaningful)"", ""profit factor n/a < 1.2"", ""single token share null bps"", ""history truncated or unavailable (coverage unknown)""], ""total_pnl_usd"": ""0"", ""closed_episodes"": 0}",0,0,{},0,"{""signature_scan_id"": ""214"", ""cached_transactions"": 0}",0,,,extractor v1; balance-normalizer v1,0,HnUi9LY8Gq5t7FSuUBua1rvZUSYmdzGxnBYdB8akPXu,0,0,"[""3565 transactions in window > per-wallet budget 2000 (deferred, not scored)""]",0,4,"binance-1m-open:SOLUSDT,USDCUSDT;USDT=USD parity;v1",True,observed_buyer,False,0,0,,3565,,0,0,0,"[""HISTORY_INCOMPLETE""]",245,,0,0,0,2026-09-28T13:49:11.000Z,2026-09-28T13:51:37.000Z,2026-08-29T13:30:47.000Z,True,0,3810,"[""98kfF7rmsg1QDUEoCqNE7g7M1FdrTt92TEp2CLzypump""]",HISTORY_INCOMPLETE,0,2026-08-29T13:49:11.000Z,2026-09-28T12:12:19.173Z,,,3565,,0,0,0,,,
"{""status"": ""REJECTED"", ""reasons"": [""active days 5 < 7"", ""total PnL -112.63 USD not positive"", ""profit factor 0.22 < 1.2"", ""single token share 4296 bps"", ""history truncated or unavailable (coverage unknown)""], ""total_pnl_usd"": ""-112.627312002425261351561480403"", ""closed_episodes"": 33}",0,0,{},0,"{""signature_scan_id"": ""217"", ""cached_transactions"": 0}",0,,,extractor v1; balance-normalizer v1,0,HqPvnBqDdrVyXYApknGWzVCePr2iRkBfeS52EqoPExXM,0,0,"[""5303 transactions in window > per-wallet budget 2000 (deferred, not scored)""]",0,6,"binance-1m-open:SOLUSDT,USDCUSDT;USDT=USD parity;v1",True,observed_buyer,False,0,0,,5303,,0,0,0,"[""HISTORY_INCOMPLETE""]",46,,0,0,0,2026-09-28T13:49:11.000Z,2026-09-28T13:45:59.000Z,2026-07-29T22:47:12.000Z,True,0,5349,"[""CGfVJX4D35wE8kviKKE1XyKU9EHRXe4Zsw3R55ABpump""]",HISTORY_INCOMPLETE,0,2026-08-29T13:49:11.000Z,2026-09-28T12:12:19.173Z,,,5303,,0,0,0,,,
"{""status"": ""REJECTED"", ""reasons"": [""closed episodes 0 < 30"", ""distinct tokens 0 < 20"", ""active days 1 < 7"", ""coverage 2695 bps < 9000"", ""losing episodes 3 < 5 (profit factor not meaningful)"", ""history truncated or unavailable (coverage unknown)""], ""total_pnl_usd"": ""573.386827522300900957124542"", ""closed_episodes"": 0}",0,0,{},0,"{""signature_scan_id"": ""218"", ""cached_transactions"": 0}",0,,,extractor v1; balance-normalizer v1,0,Hz7KY4XrZs7A5XHonoUwBhqarVZJCnm4ByDvQzcDr7sz,0,0,"[""signature scan stopped after 10 pages before reaching the window start""]",0,10,"binance-1m-open:SOLUSDT,USDCUSDT;USDT=USD parity;v1",False,observed_buyer,False,0,0,,652,,0,0,0,"[""HISTORY_INCOMPLETE""]",8774,,0,0,0,2026-09-28T13:49:11.000Z,2026-09-28T13:51:56.000Z,2026-09-28T12:55:55.000Z,False,0,9426,"[""2zMMhcVQEXDtdE6vsFS7S7D5oUodfJHE8vd1gnBouauv""]",HISTORY_INCOMPLETE,0,2026-08-29T13:49:11.000Z,2026-09-28T12:22:00.234Z,,,652,,0,0,0,,,
"{""status"": ""REJECTED"", ""reasons"": [""closed episodes 10 < 30"", ""distinct tokens 6 < 20"", ""active days 1 < 7"", ""coverage 8522 bps < 9000"", ""single token share 5609 bps"", ""history truncated or unavailable (coverage unknown)""], ""total_pnl_usd"": ""7896.976917668754057768533848775"", ""closed_episodes"": 10}",0,0,{},0,"{""signature_scan_id"": ""220"", ""cached_transactions"": 0}",0,,,extractor v1; balance-normalizer v1,0,MfDuWeqSHEqTFVYZ7LoexgAK9dxk7cy4DFJWjWMGVWa,0,0,"[""signature scan stopped after 10 pages before reaching the window start""]",0,10,"binance-1m-open:SOLUSDT,USDCUSDT;USDT=USD parity;v1",False,observed_buyer,False,0,0,,2801,,0,0,0,"[""HISTORY_INCOMPLETE""]",5208,,0,0,0,2026-09-28T13:49:11.000Z,2026-09-28T13:52:02.000Z,2026-09-28T13:35:17.000Z,False,0,8009,"[""pumpCmXqMfrsAkQ5r49WcJnRayYRqmXz6ae8H7H9Dfn"", ""cbbtcf3aa214zXHbiAZQwf4122FBYbraNdFqgw4iMij"", ""2zMMhcVQEXDtdE6vsFS7S7D5oUodfJHE8vd1gnBouauv"", ""JUPyiwrYJFskUPiHa7hkeR8VUtAeFoSYbKedZNsDvCN"", ""6p6xgHyF7AeE6TZkSmFsko444wqoP15icUSqi2jfGiPN"", ""98sMhvDwXj1RQi5c5Mndm3vPe9cBqPrbLaufMXFNMh5g"", ""4k3Dyjzvzp8eMZWUXbBCjEvwSkkk59S5iCNLY3QrkX6R"", ""Dz9mQ9NzkBcCsuGPFJ3r1bS4wgqKMHBPiVuniW8Mbonk""]",HISTORY_INCOMPLETE,0,2026-08-29T13:49:11.000Z,2026-09-28T12:06:53.638Z,,,2801,,0,0,0,,,
"{""status"": ""REJECTED"", ""reasons"": [""closed episodes 0 < 30"", ""distinct tokens 0 < 20"", ""active days 1 < 7"", ""coverage 476 bps < 9000"", ""total PnL -2.27 USD not positive"", ""losing episodes 4 < 5 (profit factor not meaningful)"", ""profit factor 0.00 < 1.2"", ""single token share null bps"", ""history truncated or unavailable (coverage unknown)""], ""total_pnl_usd"": ""-2.274825722901434842088106"", ""closed_episodes"": 0}",0,0,{},0,"{""signature_scan_id"": ""221"", ""cached_transactions"": 0}",0,,,extractor v1; balance-normalizer v1,0,NALUnJA2AJUYa6xJL1HsorEeFgxxDsfUgYBCX8Pp2zD,0,0,"[""signature scan stopped after 10 pages before reaching the window start""]",0,10,"binance-1m-open:SOLUSDT,USDCUSDT;USDT=USD parity;v1",False,observed_buyer,False,0,0,,9553,,0,0,0,"[""HISTORY_INCOMPLETE""]",0,,0,0,0,2026-09-28T13:49:11.000Z,2026-09-28T13:52:04.000Z,2026-09-28T12:15:22.000Z,False,0,9553,"[""6GmAFSYs4gk3FDao5FzzySQpPZaWsa4rUJHacpMpUNgx""]",HISTORY_INCOMPLETE,0,2026-08-29T13:49:11.000Z,2026-09-28T12:06:53.638Z,,,9553,,0,0,0,,,
"{""status"": ""REJECTED"", ""reasons"": [""closed episodes 6 < 30"", ""distinct tokens 3 < 20"", ""active days 1 < 7"", ""single token share 5479 bps""], ""total_pnl_usd"": ""42.346996718032369682942"", ""closed_episodes"": 6}",0,0,{},0,"{""signature_scan_id"": ""229"", ""cached_transactions"": 0}",0,,,extractor v1; balance-normalizer v1,0,YpnnUu1ZPHpAzy4xggEd5pBTbu1aDayXuARsYsavNs9,0,0,"[""signature scan stopped after 10 pages before reaching the window start""]",0,10,"binance-1m-open:SOLUSDT,USDCUSDT;USDT=USD parity;v1",False,observed_buyer,False,0,0,,8277,,0,0,0,"[""HISTORY_INCOMPLETE""]",1721,,0,0,0,2026-09-28T13:49:11.000Z,2026-09-28T13:51:27.000Z,2026-09-22T07:23:28.000Z,False,0,9998,"[""98kfF7rmsg1QDUEoCqNE7g7M1FdrTt92TEp2CLzypump""]",HISTORY_INCOMPLETE,0,2026-08-29T13:49:11.000Z,2026-09-28T12:06:53.638Z,,,8277,,0,0,0,,,
"{""status"": ""REJECTED"", ""reasons"": [""closed episodes 1 < 30"", ""distinct tokens 1 < 20"", ""active days 1 < 7"", ""coverage 5550 bps < 9000"", ""losing episodes 4 < 5 (profit factor not meaningful)"", ""single token share 7632 bps"", ""infrastructure role"", ""history truncated or unavailable (coverage unknown)""], ""total_pnl_usd"": ""574.61399297027866389326797"", ""closed_episodes"": 1}",0,0,{},0,"{""signature_scan_id"": ""219"", ""cached_transactions"": 0}",0,,,extractor v1; balance-normalizer v1,0,m7VmSjdSN6isudY6PVRa7GuZbG8rPBpB2X2DGHR5awz,0,0,"[""signature scan stopped after 10 pages before reaching the window start""]",0,10,"binance-1m-open:SOLUSDT,USDCUSDT;USDT=USD parity;v1",False,observed_buyer,False,0,0,,9179,,0,0,0,"[""HISTORY_INCOMPLETE""]",690,,0,0,0,2026-09-28T13:49:11.000Z,2026-09-28T13:52:01.000Z,2026-09-27T07:48:21.000Z,False,0,9869,"[""SKHYhSjuRWHgikq8eRKbtBbpABgJSkd7ytQV14i9EQ3""]",HISTORY_INCOMPLETE,0,2026-08-29T13:49:11.000Z,2026-09-28T12:06:53.638Z,,,9179,,0,0,0,,,
"{""status"": ""REJECTED"", ""reasons"": [""closed episodes 0 < 30"", ""distinct tokens 0 < 20"", ""active days 2 < 7"", ""coverage 4235 bps < 9000"", ""total PnL -92.29 USD not positive"", ""losing episodes 1 < 5 (profit factor not meaningful)"", ""profit factor 0.00 < 1.2"", ""single token share null bps"", ""history truncated or unavailable (coverage unknown)""], ""total_pnl_usd"": ""-92.2920788270294652087044"", ""closed_episodes"": 0}",0,0,{},0,"{""signature_scan_id"": ""223"", ""cached_transactions"": 0}",0,,,extractor v1; balance-normalizer v1,0,projjosVCPQH49d5em7VYS7fJZzaqKixqKtus7yk416,0,0,"[""signature scan stopped after 10 pages before reaching the window start""]",0,10,"binance-1m-open:SOLUSDT,USDCUSDT;USDT=USD parity;v1",False,observed_buyer,False,0,0,,1824,,0,0,0,"[""HISTORY_INCOMPLETE""]",8116,,0,0,0,2026-09-28T13:49:11.000Z,2026-09-28T13:52:05.000Z,2026-09-28T03:43:58.000Z,False,0,9940,"[""4k3Dyjzvzp8eMZWUXbBCjEvwSkkk59S5iCNLY3QrkX6R""]",HISTORY_INCOMPLETE,0,2026-08-29T13:49:11.000Z,2026-09-28T12:22:00.234Z,,,1824,,0,0,0,,,
"{""status"": ""REJECTED"", ""reasons"": [""active days 2 < 7"", ""profit factor 1.07 < 1.2"", ""history truncated or unavailable (coverage unknown)""], ""total_pnl_usd"": ""92.811627129963417888778572969"", ""closed_episodes"": 447}",0,0,{},0,"{""signature_scan_id"": ""228"", ""cached_transactions"": 0}",0,,,extractor v1; balance-normalizer v1,0,wJDv8gqP8TFqUJdLGdrVpEA1vJ8sdMWiqkHT9ubCEmn,0,0,"[""signature scan stopped after 10 pages before reaching the window start""]",0,10,"binance-1m-open:SOLUSDT,USDCUSDT;USDT=USD parity;v1",False,observed_buyer,False,0,0,,9585,,0,0,0,"[""HISTORY_INCOMPLETE""]",409,,0,0,0,2026-09-28T13:49:11.000Z,2026-09-28T13:51:38.000Z,2026-09-02T20:07:35.000Z,False,0,9994,"[""CGfVJX4D35wE8kviKKE1XyKU9EHRXe4Zsw3R55ABpump""]",HISTORY_INCOMPLETE,0,2026-08-29T13:49:11.000Z,2026-09-28T12:12:19.173Z,,,9585,,0,0,0,,,
"{""status"": ""REJECTED"", ""reasons"": [""closed episodes 0 < 30"", ""distinct tokens 0 < 20"", ""active days 0 < 7"", ""coverage 0 bps < 9000"", ""total PnL 0.00 USD not positive"", ""losing episodes 0 < 5 (profit factor not meaningful)"", ""profit factor n/a < 1.2"", ""single token share null bps"", ""history truncated or unavailable (coverage unknown)""], ""total_pnl_usd"": ""0"", ""closed_episodes"": 0}",0,0,"{""BUY"": 33, ""SELL"": 14, ""BASE_ONLY"": 23}",0,"{""signature_scan_id"": ""5"", ""cached_transactions"": 70}",0,1.621,29.36,extractor v1; balance-normalizer v1,0,2jaTrVGcd2wpvGVHgQdJThb6xGhuHpJeZDEwbk44dgxT,9,13,"[""closed episodes 13 < 30"", ""distinct tokens 4 < 20"", ""single token share 4983 bps""]",8,2,"binance-1m-open:SOLUSDT,USDCUSDT;USDT=USD parity;v1",False,observed_buyer,True,0.006113,47,29.52,71,-0.16,14,47,71,"[""INSUFFICIENT_SAMPLE"", ""RISK_OR_COPYABILITY_FAIL""]",0,4815.23,0,4,0,2026-09-28T13:49:11.000Z,2026-09-28T12:05:10.000Z,2026-09-13T01:13:53.000Z,True,0.001488,70,"[""BPxxfRCXkUVhig4HS1Lh7kZqV6SPJhzfEk4x6fVBjPCy""]",INSUFFICIENT_SAMPLE,0,2026-08-29T13:49:11.000Z,2026-09-28T12:06:53.638Z,4983,-100.03,70,11.18,0,0,0,150.03,16.46,0.4484
"{""status"": ""REJECTED"", ""reasons"": [""closed episodes 0 < 30"", ""distinct tokens 0 < 20"", ""active days 0 < 7"", ""coverage 0 bps < 9000"", ""total PnL 0.00 USD not positive"", ""losing episodes 0 < 5 (profit factor not meaningful)"", ""profit factor n/a < 1.2"", ""single token share null bps"", ""history truncated or unavailable (coverage unknown)""], ""total_pnl_usd"": ""0"", ""closed_episodes"": 0}",4,284,"{""BUY"": 79, ""SELL"": 72, ""BASE_ONLY"": 101, ""NO_CHANGE"": 28, ""UNSUPPORTED"": 1, ""TRANSFER_OUT"": 4}",0,"{""signature_scan_id"": ""14"", ""cached_transactions"": 285}",0,0.778,-16.93,extractor v1; balance-normalizer v1,1,34ZJuF8RRAKJZnZL2nypAQwncKeUjab14Eey5yAxqdBe,7,62,"[""distinct tokens 13 < 20"", ""total PnL -16.93 USD not positive"", ""profit factor 0.78 < 1.2""]",36,0,"binance-1m-open:SOLUSDT,USDCUSDT;USDT=USD parity;v1",False,observed_buyer,True,0.009909,151,-9.57,1,-7.36,67,151,1,"[""INSUFFICIENT_SAMPLE"", ""NEGATIVE_PNL"", ""LOW_PF""]",3,13488.63,0,13,0,2026-09-28T15:32:12.000Z,2026-09-28T13:45:28.000Z,2026-09-15T06:44:21.000Z,True,0.017912,288,"[""3ZLekZYq2qkZiSpnSvabjit34tUkjSwD1JFuW9as9wBG""]",INSUFFICIENT_SAMPLE,0,2026-08-29T15:32:12.000Z,2026-09-28T12:06:53.638Z,2054,-520.78,285,-25.52,1,0,4,103.35,-3.85,0.0785
"{""status"": ""REJECTED"", ""reasons"": [""closed episodes 0 < 30"", ""distinct tokens 0 < 20"", ""active days 0 < 7"", ""coverage 0 bps < 9000"", ""total PnL 0.00 USD not positive"", ""losing episodes 0 < 5 (profit factor not meaningful)"", ""profit factor n/a < 1.2"", ""single token share null bps"", ""history truncated or unavailable (coverage unknown)""], ""total_pnl_usd"": ""0"", ""closed_episodes"": 0}",1,0,"{""BUY"": 290, ""SELL"": 147, ""BASE_ONLY"": 19, ""TRANSFER_IN"": 1}",0,"{""signature_scan_id"": ""23"", ""cached_transactions"": 457}",0,0.891,-7.42,extractor v1; balance-normalizer v1,0,3zmMyCr4p8ChTKYS8TsTRdp43qXQnjBEuQ4SiS2bYU8C,3,133,"[""active days 3 < 7"", ""total PnL -7.42 USD not positive"", ""profit factor 0.89 < 1.2""]",86,2,"binance-1m-open:SOLUSDT,USDCUSDT;USDT=USD parity;v1",False,observed_buyer,True,0.020351,437,-6.74,624,-0.68,135,437,624,"[""INSUFFICIENT_SAMPLE"", ""NEGATIVE_PNL"", ""LOW_PF""]",9,5376.05,0,37,15,2026-09-28T13:49:11.000Z,2026-09-28T13:48:59.000Z,2026-09-26T12:22:22.000Z,True,0.069906,466,"[""3iUTyNYW6xKv5kZUjtbrEDTsuJTrSVwvB3bQtxkLpump""]",INSUFFICIENT_SAMPLE,1,2026-08-29T13:49:11.000Z,2026-09-28T12:06:53.638Z,3983,-5.00,457,-31.52,0,1,1,14.76,-11.71,0.3983
"{""status"": ""REJECTED"", ""reasons"": [""distinct tokens 14 < 20"", ""active days 1 < 7"", ""total PnL -35.50 USD not positive"", ""profit factor 0.45 < 1.2""], ""total_pnl_usd"": ""-35.4951006611580159982337095"", ""closed_episodes"": 36}",0,133,"{""BUY"": 51, ""SELL"": 78, ""BASE_ONLY"": 5}",0,"{""signature_scan_id"": ""32"", ""cached_transactions"": 134}",0,0.372,-22.95,extractor v1; balance-normalizer v1,0,4E6hSAVVBfkjeDEu2yPocnBdRoTMfWtkmhLWaAtrF1fZ,1,50,"[""distinct tokens 19 < 20"", ""active days 1 < 7"", ""total PnL -22.95 USD not positive"", ""profit factor 0.37 < 1.2""]",25,0,"binance-1m-open:SOLUSDT,USDCUSDT;USDT=USD parity;v1",False,observed_buyer,True,0.083975,129,-22.95,1,0.00,50,129,1,"[""INSUFFICIENT_SAMPLE"", ""NEGATIVE_PNL"", ""LOW_PF""]",0,505.32,0,19,0,2026-09-28T15:32:12.000Z,2026-09-28T13:11:42.000Z,2026-06-02T05:57:41.000Z,True,0.030566,134,"[""CbcyNo7m1amFWqEQm2m4PLv1UNvpcL3C1Ujm6AkzpKoU""]",INSUFFICIENT_SAMPLE,0,2026-08-29T15:32:12.000Z,2026-09-28T12:22:00.234Z,3138,0.00,134,-25.88,0,0,0,5.99,-22.47,0.0950
"{""status"": ""REJECTED"", ""reasons"": [""closed episodes 0 < 30"", ""distinct tokens 0 < 20"", ""active days 0 < 7"", ""coverage 0 bps < 9000"", ""total PnL 0.00 USD not positive"", ""losing episodes 0 < 5 (profit factor not meaningful)"", ""profit factor n/a < 1.2"", ""single token share null bps"", ""history truncated or unavailable (coverage unknown)""], ""total_pnl_usd"": ""0"", ""closed_episodes"": 0}",0,57,"{""BUY"": 34, ""SELL"": 12, ""BASE_ONLY"": 13}",0,"{""signature_scan_id"": ""38"", ""cached_transactions"": 59}",0,1.199,9.70,extractor v1; balance-normalizer v1,0,4P5dTzCNDP2ggr83r9zhQxb9BoDnLYVFegjFH8VYWvr9,7,8,"[""closed episodes 8 < 30"", ""distinct tokens 7 < 20"", ""profit factor 1.20 < 1.2"", ""single token share 6798 bps""]",5,0,"binance-1m-open:SOLUSDT,USDCUSDT;USDT=USD parity;v1",False,observed_buyer,True,0.009059,46,35.83,2,-26.14,9,46,2,"[""INSUFFICIENT_SAMPLE"", ""LOW_PF"", ""RISK_OR_COPYABILITY_FAIL""]",1,590.89,0,7,0,2026-09-28T15:32:12.000Z,2026-09-28T13:25:55.000Z,2026-08-12T14:35:02.000Z,True,0.012172,60,"[""Ai66LHZG9MCzg1WKdawwqduVAXpNDUuV8M3uyq5ppump""]",INSUFFICIENT_SAMPLE,0,2026-08-29T15:32:12.000Z,2026-09-28T12:12:19.173Z,6798,-152.24,59,-30.07,0,0,0,12.03,35.83,0.6798
"{""status"": ""REJECTED"", ""reasons"": [""closed episodes 10 < 30"", ""distinct tokens 3 < 20"", ""active days 1 < 7"", ""coverage 8611 bps < 9000"", ""single token share 8599 bps""], ""total_pnl_usd"": ""160.37547808315894054031765747"", ""closed_episodes"": 10}",0,0,"{""BUY"": 38, ""SELL"": 37, ""BASE_ONLY"": 5}",0,"{""signature_scan_id"": ""37"", ""cached_transactions"": 80}",0,0.520,-68.20,extractor v1; balance-normalizer v1,0,4mqhWEBgcoeetsizSuMNMJtJ3AJnU84hyGhWp8MWMckG,1,37,"[""distinct tokens 9 < 20"", ""active days 1 < 7"", ""total PnL -68.20 USD not positive"", ""profit factor 0.52 < 1.2""]",23,2,"binance-1m-open:SOLUSDT,USDCUSDT;USDT=USD parity;v1",False,observed_buyer,True,0.049175,75,-67.05,102,-1.16,38,75,102,"[""INSUFFICIENT_SAMPLE"", ""NEGATIVE_PNL"", ""LOW_PF""]",1,3211.19,0,9,0,2026-09-28T13:49:11.000Z,2026-09-28T13:49:02.000Z,2026-09-28T04:57:11.000Z,True,0.013746,81,"[""CGfVJX4D35wE8kviKKE1XyKU9EHRXe4Zsw3R55ABpump""]",INSUFFICIENT_SAMPLE,0,2026-08-29T13:49:11.000Z,2026-09-28T12:12:19.173Z,3034,-4.97,80,-77.95,0,0,0,25.21,-57.54,0.1321
"{""status"": ""REJECTED"", ""reasons"": [""closed episodes 1 < 30"", ""distinct tokens 1 < 20"", ""active days 4 < 7"", ""total PnL -26.35 USD not positive"", ""losing episodes 4 < 5 (profit factor not meaningful)"", ""profit factor 0.79 < 1.2"", ""single token share 10000 bps""], ""total_pnl_usd"": ""-26.351151965274853910966708875"", ""closed_episodes"": 1}",2,0,"{""BUY"": 8, ""SELL"": 4, ""BASE_ONLY"": 10, ""TRANSFER_IN"": 2}",0,"{""signature_scan_id"": ""40"", ""cached_transactions"": 24}",0,53.294,108.80,extractor v1; balance-normalizer v1,0,4wEgnDXSbdusWPtUfoPzYQi3K6ozxC9kGSwRr2fjjMY8,4,1,"[""closed episodes 1 < 30"", ""distinct tokens 1 < 20"", ""active days 4 < 7"", ""losing episodes 1 < 5 (profit factor not meaningful)"", ""single token share 5531 bps""]",1,1,"binance-1m-open:SOLUSDT,USDCUSDT;USDT=USD parity;v1",False,observed_buyer,True,0.001098,12,48.56,24,60.25,6,12,24,"[""INSUFFICIENT_SAMPLE"", ""RISK_OR_COPYABILITY_FAIL""]",0,295.96,0,1,0,2026-09-28T13:49:11.000Z,2026-09-28T13:18:28.000Z,2026-07-08T19:54:37.000Z,True,0.006397,24,"[""pumpCmXqMfrsAkQ5r49WcJnRayYRqmXz6ae8H7H9Dfn""]",INSUFFICIENT_SAMPLE,1,2026-08-29T13:49:11.000Z,2026-09-28T12:22:00.234Z,5531,36.64,24,47.48,0,0,2,53.65,108.73,0.5530
"{""status"": ""REJECTED"", ""reasons"": [""closed episodes 0 < 30"", ""distinct tokens 0 < 20"", ""active days 0 < 7"", ""coverage 0 bps < 9000"", ""total PnL 0.00 USD not positive"", ""losing episodes 0 < 5 (profit factor not meaningful)"", ""profit factor n/a < 1.2"", ""single token share null bps"", ""history truncated or unavailable (coverage unknown)""], ""total_pnl_usd"": ""0"", ""closed_episodes"": 0}",78,166,"{""BUY"": 42, ""SELL"": 38, ""BASE_ONLY"": 60, ""TRANSFER_IN"": 75, ""UNSUPPORTED"": 1, ""TRANSFER_OUT"": 3}",0,"{""signature_scan_id"": ""45"", ""cached_transactions"": 219}",0,0.168,-412.27,extractor v1; balance-normalizer v1,1,57NCWxYCoezAPFqxgVoVEBJ1wz3RA8VzNBEc2CTt5Zic,5,22,"[""closed episodes 22 < 30"", ""distinct tokens 18 < 20"", ""active days 5 < 7"", ""total PnL -412.27 USD not positive"", ""profit factor 0.17 < 1.2"", ""single token share 4787 bps""]",18,0,"binance-1m-open:SOLUSDT,USDCUSDT;USDT=USD parity;v1",False,observed_buyer,True,0.012516,80,-401.14,62,-11.13,27,80,62,"[""INSUFFICIENT_SAMPLE"", ""NEGATIVE_PNL"", ""LOW_PF"", ""RISK_OR_COPYABILITY_FAIL""]",1,2890.38,1,18,0,2026-09-28T15:32:12.000Z,2026-09-28T12:06:47.000Z,2026-08-29T10:25:15.000Z,True,-0.008270,220,"[""CbcyNo7m1amFWqEQm2m4PLv1UNvpcL3C1Ujm6AkzpKoU""]",INSUFFICIENT_SAMPLE,4,2026-08-29T15:32:12.000Z,2026-09-28T12:06:53.638Z,4787,-89.63,219,-452.14,1,1,4,58.01,-401.14,0.4481
"{""status"": ""REJECTED"", ""reasons"": [""closed episodes 1 < 30"", ""distinct tokens 1 < 20"", ""active days 1 < 7"", ""total PnL -20.81 USD not positive"", ""losing episodes 1 < 5 (profit factor not meaningful)"", ""profit factor 0.00 < 1.2"", ""single token share null bps""], ""total_pnl_usd"": ""-20.80924484023"", ""closed_episodes"": 1}",0,0,"{""BUY"": 1, ""SELL"": 1, ""BASE_ONLY"": 3}",0,"{""signature_scan_id"": ""46"", ""cached_transactions"": 5}",0,0.000,-10.84,extractor v1; balance-normalizer v1,0,5bo9pTcNwZALL5oPViW2csCdtqCsF8zDnt5c8UAXTby7,1,1,"[""closed episodes 1 < 30"", ""distinct tokens 1 < 20"", ""active days 1 < 7"", ""total PnL -10.84 USD not positive"", ""losing episodes 1 < 5 (profit factor not meaningful)"", ""profit factor 0.00 < 1.2"", ""single token share null bps""]",1,1,"binance-1m-open:SOLUSDT,USDCUSDT;USDT=USD parity;v1",False,observed_buyer,True,0.000388,2,-10.84,5,0.00,1,2,5,"[""INSUFFICIENT_SAMPLE"", ""NEGATIVE_PNL"", ""LOW_PF"", ""RISK_OR_COPYABILITY_FAIL""]",0,251.80,0,1,0,2026-09-28T13:49:11.000Z,2026-09-28T13:36:45.000Z,2026-08-15T03:35:34.000Z,True,0.001514,5,"[""CGfVJX4D35wE8kviKKE1XyKU9EHRXe4Zsw3R55ABpump""]",INSUFFICIENT_SAMPLE,0,2026-08-29T13:49:11.000Z,2026-09-28T12:22:00.234Z,,0.00,5,0.00,0,0,0,131.32,0.00,
"{""status"": ""REJECTED"", ""reasons"": [""closed episodes 0 < 30"", ""distinct tokens 0 < 20"", ""active days 0 < 7"", ""coverage 0 bps < 9000"", ""total PnL 0.00 USD not positive"", ""losing episodes 0 < 5 (profit factor not meaningful)"", ""profit factor n/a < 1.2"", ""single token share null bps"", ""history truncated or unavailable (coverage unknown)""], ""total_pnl_usd"": ""0"", ""closed_episodes"": 0}",0,0,"{""BUY"": 27, ""SELL"": 18, ""BASE_ONLY"": 6}",0,"{""signature_scan_id"": ""57"", ""cached_transactions"": 51}",0,9.476,395.32,extractor v1; balance-normalizer v1,0,6DyGQG5oK3v5MSWGt6V5g7gVwEJKziE7TuyYpbJeabud,4,2,"[""closed episodes 2 < 30"", ""distinct tokens 1 < 20"", ""active days 4 < 7"", ""losing episodes 1 < 5 (profit factor not meaningful)"", ""single token share 8933 bps""]",1,1,"binance-1m-open:SOLUSDT,USDCUSDT;USDT=USD parity;v1",False,observed_buyer,True,0.000202,45,0.56,55,394.76,3,45,55,"[""INSUFFICIENT_SAMPLE"", ""RISK_OR_COPYABILITY_FAIL""]",0,2827.01,0,1,0,2026-09-28T13:49:11.000Z,2026-09-28T12:09:06.000Z,2026-08-25T15:43:50.000Z,True,0.001514,51,"[""CbcyNo7m1amFWqEQm2m4PLv1UNvpcL3C1Ujm6AkzpKoU""]",INSUFFICIENT_SAMPLE,0,2026-08-29T13:49:11.000Z,2026-09-28T12:12:19.173Z,8933,-389.88,51,0.56,0,0,0,232.65,0.56,0.8932
"{""status"": ""REJECTED"", ""reasons"": [""closed episodes 0 < 30"", ""distinct tokens 0 < 20"", ""active days 1 < 7"", ""total PnL -7.93 USD not positive"", ""losing episodes 1 < 5 (profit factor not meaningful)"", ""profit factor 0.00 < 1.2"", ""single token share null bps""], ""total_pnl_usd"": ""-7.9275805699694929305"", ""closed_episodes"": 0}",0,0,"{""BUY"": 1}",0,"{""signature_scan_id"": ""58"", ""cached_transactions"": 1}",0,0.000,-0.00,extractor v1; balance-normalizer v1,0,6HAx1AuwMm1EHv3pKuEXdZJ61hmj8b9FRuCZdFi15ZEC,1,0,"[""closed episodes 0 < 30"", ""distinct tokens 0 < 20"", ""active days 1 < 7"", ""total PnL -0.00 USD not positive"", ""losing episodes 1 < 5 (profit factor not meaningful)"", ""profit factor 0.00 < 1.2"", ""single token share null bps""]",1,1,"binance-1m-open:SOLUSDT,USDCUSDT;USDT=USD parity;v1",False,observed_buyer,True,0.000039,1,0.00,1,-0.00,1,1,1,"[""INSUFFICIENT_SAMPLE"", ""NEGATIVE_PNL"", ""LOW_PF"", ""RISK_OR_COPYABILITY_FAIL""]",0,7.73,0,0,0,2026-09-28T13:49:11.000Z,2026-09-28T12:21:46.000Z,2026-07-26T13:20:29.000Z,True,0.001488,1,"[""cbbtcf3aa214zXHbiAZQwf4122FBYbraNdFqgw4iMij""]",INSUFFICIENT_SAMPLE,0,2026-08-29T13:49:11.000Z,2026-09-28T12:22:00.234Z,,-7.73,1,0.00,0,0,0,,0.00,
"{""status"": ""REJECTED"", ""reasons"": [""closed episodes 17 < 30"", ""distinct tokens 14 < 20"", ""active days 2 < 7"", ""total PnL -36.41 USD not positive"", ""profit factor 0.22 < 1.2"", ""single token share 8385 bps""], ""total_pnl_usd"": ""-36.4116656764174710359955941"", ""closed_episodes"": 17}",0,0,"{""BUY"": 67, ""SELL"": 92, ""BASE_ONLY"": 10, ""NO_CHANGE"": 1}",0,"{""signature_scan_id"": ""66"", ""cached_transactions"": 170}",0,0.206,-17.63,extractor v1; balance-normalizer v1,0,6ZFdfqPLatwcHrHFLp5b4LGiLqSUYLThbfTKjpyHX5Lc,2,57,"[""active days 2 < 7"", ""total PnL -17.63 USD not positive"", ""profit factor 0.21 < 1.2""]",45,2,"binance-1m-open:SOLUSDT,USDCUSDT;USDT=USD parity;v1",False,observed_buyer,True,0.001244,159,-16.32,230,-1.31,59,159,230,"[""INSUFFICIENT_SAMPLE"", ""NEGATIVE_PNL"", ""LOW_PF""]",5,1308.20,0,38,0,2026-09-28T13:49:11.000Z,2026-09-28T13:05:23.000Z,2026-09-27T09:19:27.000Z,True,0.015159,175,"[""Ai66LHZG9MCzg1WKdawwqduVAXpNDUuV8M3uyq5ppump""]",INSUFFICIENT_SAMPLE,0,2026-08-29T13:49:11.000Z,2026-09-28T12:22:00.234Z,2012,-4.61,170,-18.56,0,0,0,9.06,-17.20,0.2012
"{""status"": ""REJECTED"", ""reasons"": [""closed episodes 0 < 30"", ""distinct tokens 0 < 20"", ""active days 0 < 7"", ""coverage 0 bps < 9000"", ""total PnL 0.00 USD not positive"", ""losing episodes 0 < 5 (profit factor not meaningful)"", ""profit factor n/a < 1.2"", ""single token share null bps"", ""history truncated or unavailable (coverage unknown)""], ""total_pnl_usd"": ""0"", ""closed_episodes"": 0}",0,0,"{""BUY"": 14, ""SELL"": 14, ""BASE_ONLY"": 2}",0,"{""signature_scan_id"": ""53"", ""cached_transactions"": 30}",0,0.397,-5.16,extractor v1; balance-normalizer v1,0,6asQNyQLSCtGkQnK8mm49YUnpBSGSViWR5eisXurKTFb,1,14,"[""closed episodes 14 < 30"", ""distinct tokens 13 < 20"", ""active days 1 < 7"", ""total PnL -5.16 USD not positive"", ""profit factor 0.40 < 1.2"", ""single token share 8686 bps""]",11,2,"binance-1m-open:SOLUSDT,USDCUSDT;USDT=USD parity;v1",False,observed_buyer,True,0.022527,28,-5.16,39,0.00,14,28,39,"[""INSUFFICIENT_SAMPLE"", ""NEGATIVE_PNL"", ""LOW_PF"", ""RISK_OR_COPYABILITY_FAIL""]",0,520.23,0,13,0,2026-09-28T13:49:11.000Z,2026-09-28T12:04:12.000Z,2026-09-28T09:26:21.000Z,True,0.022718,30,"[""98kfF7rmsg1QDUEoCqNE7g7M1FdrTt92TEp2CLzypump""]",INSUFFICIENT_SAMPLE,0,2026-08-29T13:49:11.000Z,2026-09-28T12:06:53.638Z,8686,0.00,30,-8.11,0,0,0,20.02,-4.80,0.8685
"{""status"": ""REJECTED"", ""reasons"": [""closed episodes 0 < 30"", ""distinct tokens 0 < 20"", ""active days 0 < 7"", ""coverage 0 bps < 9000"", ""total PnL 0.00 USD not positive"", ""losing episodes 0 < 5 (profit factor not meaningful)"", ""profit factor n/a < 1.2"", ""single token share null bps"", ""history truncated or unavailable (coverage unknown)""], ""total_pnl_usd"": ""0"", ""closed_episodes"": 0}",0,1,"{""BUY"": 2, ""SELL"": 2, ""BASE_ONLY"": 5}",0,"{""signature_scan_id"": ""60"", ""cached_transactions"": 9}",0,18.652,188.65,extractor v1; balance-normalizer v1,0,6pqVKh2tLcNGzr5c323Z6RReTrTFsQrPcbdXW4qgi3To,1,1,"[""closed episodes 1 < 30"", ""distinct tokens 1 < 20"", ""active days 1 < 7"", ""losing episodes 1 < 5 (profit factor not meaningful)"", ""single token share 10000 bps""]",1,0,"binance-1m-open:SOLUSDT,USDCUSDT;USDT=USD parity;v1",False,observed_buyer,True,0.000030,4,199.34,8,-10.69,2,4,8,"[""INSUFFICIENT_SAMPLE"", ""RISK_OR_COPYABILITY_FAIL""]",0,688.85,0,1,0,2026-09-28T15:32:12.000Z,2026-09-28T12:07:56.000Z,2025-11-27T01:06:00.000Z,True,-0.004465,9,"[""A7bdiYdS5GjqGFtxf17ppRHtDKPkkRqbKtR27dxvQXaS""]",INSUFFICIENT_SAMPLE,0,2026-08-29T15:32:12.000Z,2026-09-28T12:12:19.173Z,10000,-271.85,9,0.00,0,1,0,72.55,0.00,1.0000
"{""status"": ""REJECTED"", ""reasons"": [""closed episodes 0 < 30"", ""distinct tokens 0 < 20"", ""active days 0 < 7"", ""coverage 0 bps < 9000"", ""total PnL 0.00 USD not positive"", ""losing episodes 0 < 5 (profit factor not meaningful)"", ""profit factor n/a < 1.2"", ""single token share null bps"", ""history truncated or unavailable (coverage unknown)""], ""total_pnl_usd"": ""0"", ""closed_episodes"": 0}",0,0,"{""BUY"": 1, ""BASE_ONLY"": 1}",0,"{""signature_scan_id"": ""68"", ""cached_transactions"": 2}",0,,0.56,extractor v1; balance-normalizer v1,0,75QDuAT9xg7gj4A9HgGB7N5ceXcS9LMNJbV9iR9WrPDy,1,0,"[""closed episodes 0 < 30"", ""distinct tokens 0 < 20"", ""active days 1 < 7"", ""losing episodes 0 < 5 (profit factor not meaningful)"", ""profit factor n/a < 1.2"", ""single token share 10000 bps""]",0,2,"binance-1m-open:SOLUSDT,USDCUSDT;USDT=USD parity;v1",False,observed_buyer,True,0.000114,1,0.00,2,0.56,1,1,2,"[""INSUFFICIENT_SAMPLE"", ""LOW_PF"", ""RISK_OR_COPYABILITY_FAIL""]",0,69.17,0,0,0,2026-09-28T13:49:11.000Z,2026-09-28T12:12:19.000Z,2026-09-28T11:58:40.000Z,True,0.001488,2,"[""6GmAFSYs4gk3FDao5FzzySQpPZaWsa4rUJHacpMpUNgx""]",INSUFFICIENT_SAMPLE,0,2026-08-29T13:49:11.000Z,2026-09-28T12:12:19.173Z,10000,-69.17,2,0.00,0,0,0,,0.00,1.0000
"{""status"": ""REJECTED"", ""reasons"": [""closed episodes 0 < 30"", ""distinct tokens 0 < 20"", ""active days 0 < 7"", ""coverage 0 bps < 9000"", ""total PnL 0.00 USD not positive"", ""losing episodes 0 < 5 (profit factor not meaningful)"", ""profit factor n/a < 1.2"", ""single token share null bps"", ""history truncated or unavailable (coverage unknown)""], ""total_pnl_usd"": ""0"", ""closed_episodes"": 0}",3,47,"{""BUY"": 45, ""BASE_ONLY"": 4, ""TRANSFER_IN"": 3, ""UNSUPPORTED"": 5}",0,"{""signature_scan_id"": ""73"", ""cached_transactions"": 57}",0,0.004,-4220.33,extractor v1; balance-normalizer v1,5,7KhaR7vemNVgE3GcSTKPaH8dkVmm5Lxq54MMsYPFVjES,16,0,"[""closed episodes 0 < 30"", ""distinct tokens 0 < 20"", ""total PnL -4220.33 USD not positive"", ""profit factor 0.00 < 1.2"", ""single token share 10000 bps""]",7,0,"binance-1m-open:SOLUSDT,USDCUSDT;USDT=USD parity;v1",False,observed_buyer,True,0.013947,45,0.00,10,-4220.33,8,45,10,"[""INSUFFICIENT_SAMPLE"", ""NEGATIVE_PNL"", ""LOW_PF"", ""RISK_OR_COPYABILITY_FAIL""]",1,23186.92,3,0,0,2026-09-28T15:32:12.000Z,2026-09-28T12:11:36.000Z,2026-08-27T08:43:46.000Z,True,0.009643,58,"[""6GmAFSYs4gk3FDao5FzzySQpPZaWsa4rUJHacpMpUNgx""]",INSUFFICIENT_SAMPLE,0,2026-08-29T15:32:12.000Z,2026-09-28T12:12:19.173Z,10000,-23186.92,57,-4238.36,5,0,0,,-3527.15,1.0000
"{""status"": ""REJECTED"", ""reasons"": [""closed episodes 0 < 30"", ""distinct tokens 0 < 20"", ""active days 0 < 7"", ""coverage 0 bps < 9000"", ""total PnL 0.00 USD not positive"", ""losing episodes 0 < 5 (profit factor not meaningful)"", ""profit factor n/a < 1.2"", ""single token share null bps"", ""history truncated or unavailable (coverage unknown)""], ""total_pnl_usd"": ""0"", ""closed_episodes"": 0}",69,0,"{""BUY"": 27, ""SELL"": 30, ""BASE_ONLY"": 93, ""NO_CHANGE"": 2, ""TRANSFER_IN"": 69, ""UNSUPPORTED"": 1}",0,"{""signature_scan_id"": ""88"", ""cached_transactions"": 222}",0,12.401,194753.62,extractor v1; balance-normalizer v1,1,8JKZAwiTJvkWL1ggjx787t5tcCgvahk4RYruoz4xnhXt,16,6,"[""closed episodes 6 < 30"", ""distinct tokens 4 < 20"", ""losing episodes 3 < 5 (profit factor not meaningful)"", ""single token share 4044 bps""]",3,1,"binance-1m-open:SOLUSDT,USDCUSDT;USDT=USD parity;v1",False,observed_buyer,True,0.023325,57,135787.95,300,58965.67,10,57,300,"[""INSUFFICIENT_SAMPLE"", ""RISK_OR_COPYABILITY_FAIL""]",1,3819464.04,5,4,0,2026-09-28T13:49:11.000Z,2026-09-28T12:33:53.000Z,2026-08-26T16:58:49.000Z,True,0.004465,223,"[""A7bdiYdS5GjqGFtxf17ppRHtDKPkkRqbKtR27dxvQXaS""]",INSUFFICIENT_SAMPLE,1,2026-08-29T13:49:11.000Z,2026-09-28T12:12:19.173Z,4044,-737533.96,222,110997.71,1,1,64,152015.20,110997.71,0.4044
"{""status"": ""REJECTED"", ""reasons"": [""closed episodes 0 < 30"", ""distinct tokens 0 < 20"", ""active days 1 < 7"", ""total PnL -2.23 USD not positive"", ""losing episodes 1 < 5 (profit factor not meaningful)"", ""profit factor 0.00 < 1.2"", ""single token share null bps""], ""total_pnl_usd"": ""-2.2286462493467904123633"", ""closed_episodes"": 0}",0,0,"{""BUY"": 1, ""SELL"": 1, ""BASE_ONLY"": 1}",0,"{""signature_scan_id"": ""89"", ""cached_transactions"": 3}",0,0.000,-0.38,extractor v1; balance-normalizer v1,0,8JpJKGodRC42cRMUK2uGexXGNURDiMcoaQmYzWBKv5HR,1,1,"[""closed episodes 1 < 30"", ""distinct tokens 1 < 20"", ""active days 1 < 7"", ""total PnL -0.38 USD not positive"", ""losing episodes 1 < 5 (profit factor not meaningful)"", ""profit factor 0.00 < 1.2"", ""single token share null bps""]",1,2,"binance-1m-open:SOLUSDT,USDCUSDT;USDT=USD parity;v1",False,observed_buyer,True,0.000009,2,-0.38,3,0.00,1,2,3,"[""INSUFFICIENT_SAMPLE"", ""NEGATIVE_PNL"", ""LOW_PF"", ""RISK_OR_COPYABILITY_FAIL""]",0,2.94,0,1,0,2026-09-28T13:49:11.000Z,2026-09-28T12:17:28.000Z,2026-09-28T12:02:03.000Z,True,0.003002,3,"[""CbcyNo7m1amFWqEQm2m4PLv1UNvpcL3C1Ujm6AkzpKoU""]",INSUFFICIENT_SAMPLE,0,2026-08-29T13:49:11.000Z,2026-09-28T12:12:19.173Z,,0.00,3,0.00,0,0,0,1.66,0.00,
"{""status"": ""REJECTED"", ""reasons"": [""closed episodes 0 < 30"", ""distinct tokens 0 < 20"", ""active days 2 < 7"", ""total PnL -4321.23 USD not positive"", ""losing episodes 3 < 5 (profit factor not meaningful)"", ""profit factor 0.00 < 1.2"", ""single token share null bps""], ""total_pnl_usd"": ""-4321.2316733507778042756606233"", ""closed_episodes"": 0}",10,0,"{""BUY"": 23, ""SELL"": 6, ""BASE_ONLY"": 3, ""TRANSFER_IN"": 10}",0,"{""signature_scan_id"": ""94"", ""cached_transactions"": 42}",0,0.525,-443.64,extractor v1; balance-normalizer v1,0,8NPHFFdco3tSwnYeBBYVooHN6D3cuDyyBDPyZdZuRaMd,2,4,"[""closed episodes 4 < 30"", ""distinct tokens 1 < 20"", ""active days 2 < 7"", ""total PnL -443.64 USD not positive"", ""losing episodes 3 < 5 (profit factor not meaningful)"", ""profit factor 0.52 < 1.2"", ""single token share 10000 bps""]",3,2,"binance-1m-open:SOLUSDT,USDCUSDT;USDT=USD parity;v1",False,observed_buyer,True,0.022728,29,109.44,49,-553.09,6,29,49,"[""INSUFFICIENT_SAMPLE"", ""NEGATIVE_PNL"", ""LOW_PF"", ""RISK_OR_COPYABILITY_FAIL""]",0,12715.03,1,1,0,2026-09-28T13:49:11.000Z,2026-09-28T13:50:15.000Z,2026-09-22T17:51:42.000Z,True,0.004602,42,"[""3iUTyNYW6xKv5kZUjtbrEDTsuJTrSVwvB3bQtxkLpump""]",INSUFFICIENT_SAMPLE,0,2026-08-29T13:49:11.000Z,2026-09-28T12:22:00.234Z,10000,-1135.92,42,-553.09,0,0,0,1674.90,-553.09,0.6102
"{""status"": ""REJECTED"", ""reasons"": [""closed episodes 3 < 30"", ""distinct tokens 3 < 20"", ""losing episodes 1 < 5 (profit factor not meaningful)"", ""single token share 8706 bps""], ""total_pnl_usd"": ""1774.228398030725748446757854"", ""closed_episodes"": 3}",1,1,"{""BUY"": 19, ""SELL"": 7, ""BASE_ONLY"": 259, ""UNSUPPORTED"": 1, ""TRANSFER_OUT"": 1}",0,"{""signature_scan_id"": ""96"", ""cached_transactions"": 287}",0,38.885,1735.52,extractor v1; balance-normalizer v1,1,8TXe4HegA3KX8EDBtuC2aV2zdexHWutaGLzGLegpN1ik,10,4,"[""closed episodes 4 < 30"", ""distinct tokens 4 < 20"", ""losing episodes 1 < 5 (profit factor not meaningful)"", ""single token share 8896 bps""]",1,1,"binance-1m-open:SOLUSDT,USDCUSDT;USDT=USD parity;v1",False,observed_buyer,True,0.001558,26,1706.36,385,29.17,7,26,385,"[""INSUFFICIENT_SAMPLE"", ""RISK_OR_COPYABILITY_FAIL""]",214,9129.57,0,4,0,2026-09-28T13:49:11.000Z,2026-09-28T12:16:04.000Z,2026-07-05T21:03:16.000Z,True,0.003002,501,"[""2zMMhcVQEXDtdE6vsFS7S7D5oUodfJHE8vd1gnBouauv""]",INSUFFICIENT_SAMPLE,1,2026-08-29T13:49:11.000Z,2026-09-28T12:12:19.173Z,8896,-1000.80,287,151.01,1,0,1,150.10,1575.70,0.8895
"{""status"": ""REJECTED"", ""reasons"": [""closed episodes 0 < 30"", ""distinct tokens 0 < 20"", ""active days 1 < 7"", ""total PnL -1582.46 USD not positive"", ""losing episodes 1 < 5 (profit factor not meaningful)"", ""profit factor 0.00 < 1.2"", ""single token share null bps""], ""total_pnl_usd"": ""-1582.4596295613671422784265899"", ""closed_episodes"": 0}",17,24,"{""BUY"": 11, ""BASE_ONLY"": 7, ""TRANSFER_IN"": 17}",0,"{""signature_scan_id"": ""99"", ""cached_transactions"": 35}",0,0.000,-319.70,extractor v1; balance-normalizer v1,0,96hwPkcJ9aScpqoK2wjydz2oHNNrRpEqrGV3ZN9spUYj,1,0,"[""closed episodes 0 < 30"", ""distinct tokens 0 < 20"", ""active days 1 < 7"", ""total PnL -319.70 USD not positive"", ""losing episodes 1 < 5 (profit factor not meaningful)"", ""profit factor 0.00 < 1.2"", ""single token share null bps""]",1,0,"binance-1m-open:SOLUSDT,USDCUSDT;USDT=USD parity;v1",False,observed_buyer,True,0.003355,11,0.00,11,-319.70,1,11,11,"[""INSUFFICIENT_SAMPLE"", ""NEGATIVE_PNL"", ""LOW_PF"", ""RISK_OR_COPYABILITY_FAIL""]",20,2894.00,1,0,0,2026-09-28T15:32:12.000Z,2026-09-28T13:47:59.000Z,2026-09-28T02:44:03.000Z,True,0.001514,55,"[""3iUTyNYW6xKv5kZUjtbrEDTsuJTrSVwvB3bQtxkLpump""]",INSUFFICIENT_SAMPLE,0,2026-08-29T15:32:12.000Z,2026-09-28T12:22:00.234Z,,-2894.00,35,0.00,0,0,0,,0.00,
"{""status"": ""REJECTED"", ""reasons"": [""active days 2 < 7"", ""single token share 6912 bps""], ""total_pnl_usd"": ""70.7321134742214340888579335"", ""closed_episodes"": 36}",15,328,"{""BUY"": 206, ""SELL"": 99, ""BASE_ONLY"": 10, ""NO_CHANGE"": 1, ""TRANSFER_IN"": 15}",0,"{""signature_scan_id"": ""106"", ""cached_transactions"": 331}",0,1.084,8.89,extractor v1; balance-normalizer v1,0,9HBJnKdwTE84KZfkZana3yWWV5qKQrDiwHPGi59XNJon,2,81,"[""active days 2 < 7"", ""profit factor 1.08 < 1.2"", ""single token share 7280 bps""]",69,0,"binance-1m-open:SOLUSDT,USDCUSDT;USDT=USD parity;v1",False,observed_buyer,True,0.053300,305,9.70,3,-0.81,91,305,3,"[""INSUFFICIENT_SAMPLE"", ""LOW_PF"", ""RISK_OR_COPYABILITY_FAIL""]",2,2849.64,1,42,0,2026-09-28T15:32:12.000Z,2026-09-28T13:48:02.000Z,2026-09-27T16:05:34.000Z,True,0.071780,333,"[""CbcyNo7m1amFWqEQm2m4PLv1UNvpcL3C1Ujm6AkzpKoU""]",INSUFFICIENT_SAMPLE,0,2026-08-29T15:32:12.000Z,2026-09-28T12:22:00.234Z,7280,-159.90,331,-64.15,0,0,0,12.43,-64.15,0.7219
"{""status"": ""REJECTED"", ""reasons"": [""closed episodes 17 < 30"", ""distinct tokens 13 < 20"", ""active days 3 < 7"", ""losing episodes 2 < 5 (profit factor not meaningful)""], ""total_pnl_usd"": ""1776.6930426637962124428043547"", ""closed_episodes"": 17}",11,0,"{""BUY"": 64, ""SELL"": 28, ""BASE_ONLY"": 77, ""NO_CHANGE"": 1, ""TRANSFER_IN"": 11}",0,"{""signature_scan_id"": ""112"", ""cached_transactions"": 181}",0,1.509,114.72,extractor v1; balance-normalizer v1,0,9Pw5NpsufEuc3t2bgQcTXmTHLjok2W828qaonsVn46Jo,3,21,"[""closed episodes 21 < 30"", ""distinct tokens 14 < 20"", ""active days 3 < 7""]",8,1,"binance-1m-open:SOLUSDT,USDCUSDT;USDT=USD parity;v1",False,observed_buyer,True,0.046489,92,114.72,239,0.00,21,92,239,"[""INSUFFICIENT_SAMPLE""]",55,4769.26,2,14,0,2026-09-28T13:49:11.000Z,2026-09-28T13:09:20.000Z,2026-08-27T12:02:17.000Z,True,0.005374,236,"[""3iUTyNYW6xKv5kZUjtbrEDTsuJTrSVwvB3bQtxkLpump""]",INSUFFICIENT_SAMPLE,0,2026-08-29T13:49:11.000Z,2026-09-28T12:22:00.234Z,3383,0.00,181,40.74,0,0,0,98.77,154.01,0.3382
"{""status"": ""REJECTED"", ""reasons"": [""closed episodes 0 < 30"", ""distinct tokens 0 < 20"", ""active days 1 < 7"", ""total PnL -45.44 USD not positive"", ""losing episodes 1 < 5 (profit factor not meaningful)"", ""profit factor 0.00 < 1.2"", ""single token share null bps""], ""total_pnl_usd"": ""-45.439107033632160732363546"", ""closed_episodes"": 0}",0,0,"{""BUY"": 2, ""SELL"": 1, ""BASE_ONLY"": 36}",0,"{""signature_scan_id"": ""115"", ""cached_transactions"": 39}",0,0.001,-23.21,extractor v1; balance-normalizer v1,0,9up3GCwkZiEAKdLFkfcbvgAhFc9LpFe9gotw6sfDdnNS,2,0,"[""closed episodes 0 < 30"", ""distinct tokens 0 < 20"", ""active days 2 < 7"", ""total PnL -23.21 USD not positive"", ""losing episodes 1 < 5 (profit factor not meaningful)"", ""profit factor 0.00 < 1.2"", ""single token share 10000 bps""]",1,2,"binance-1m-open:SOLUSDT,USDCUSDT;USDT=USD parity;v1",False,observed_buyer,True,0.000333,3,0.00,44,-23.21,2,3,44,"[""INSUFFICIENT_SAMPLE"", ""NEGATIVE_PNL"", ""LOW_PF"", ""RISK_OR_COPYABILITY_FAIL""]",0,207.45,0,0,0,2026-09-28T13:49:11.000Z,2026-09-28T12:08:50.000Z,2026-08-30T08:07:28.000Z,True,0.001305,39,"[""3ZLekZYq2qkZiSpnSvabjit34tUkjSwD1JFuW9as9wBG""]",INSUFFICIENT_SAMPLE,0,2026-08-29T13:49:11.000Z,2026-09-28T12:12:19.173Z,10000,-114.75,39,-23.24,0,0,0,,-23.24,1.0000
"{""status"": ""REJECTED"", ""reasons"": [""closed episodes 2 < 30"", ""distinct tokens 1 < 20"", ""coverage 7666 bps < 9000"", ""total PnL -4547.66 USD not positive"", ""profit factor 0.07 < 1.2"", ""single token share 7267 bps""], ""total_pnl_usd"": ""-4547.660543927732878437183821"", ""closed_episodes"": 2}",5,0,"{""BUY"": 31, ""SELL"": 18, ""BASE_ONLY"": 15, ""NO_CHANGE"": 1, ""TRANSFER_IN"": 1, ""UNSUPPORTED"": 5, ""TRANSFER_OUT"": 4}",0,"{""signature_scan_id"": ""127"", ""cached_transactions"": 75}",0,1.634,108.56,extractor v1; balance-normalizer v1,5,AH7qMs4R2kyzoHAZ2s2RnZ6MoFRMeLYWAH1EAyhoSg2k,11,3,"[""closed episodes 3 < 30"", ""distinct tokens 2 < 20"", ""single token share 8250 bps""]",9,2,"binance-1m-open:SOLUSDT,USDCUSDT;USDT=USD parity;v1",False,observed_buyer,True,0.006500,49,230.64,100,-122.07,16,49,100,"[""INSUFFICIENT_SAMPLE"", ""RISK_OR_COPYABILITY_FAIL""]",0,32098.26,1,2,0,2026-09-28T13:49:11.000Z,2026-09-28T12:19:05.000Z,2026-08-30T20:59:37.000Z,True,0.030772,75,"[""BPxxfRCXkUVhig4HS1Lh7kZqV6SPJhzfEk4x6fVBjPCy""]",INSUFFICIENT_SAMPLE,3,2026-08-29T13:49:11.000Z,2026-09-28T12:22:00.234Z,8250,-3755.36,75,-77.59,5,1,4,483.22,-77.59,0.4820
"{""status"": ""REJECTED"", ""reasons"": [""closed episodes 10 < 30"", ""distinct tokens 5 < 20"", ""active days 6 < 7"", ""total PnL -127.02 USD not positive"", ""profit factor 0.44 < 1.2"", ""single token share 4060 bps""], ""total_pnl_usd"": ""-127.01800492842464053179974302"", ""closed_episodes"": 10}",1,0,"{""BUY"": 25, ""SELL"": 14, ""BASE_ONLY"": 22, ""TRANSFER_IN"": 1}",0,"{""signature_scan_id"": ""133"", ""cached_transactions"": 62}",0,0.528,-102.54,extractor v1; balance-normalizer v1,0,AXPfc34ur1UcdynjeF4bfqqSme23tqgezmam4ejHGvh5,6,10,"[""closed episodes 10 < 30"", ""distinct tokens 5 < 20"", ""active days 6 < 7"", ""total PnL -102.54 USD not positive"", ""profit factor 0.53 < 1.2""]",6,1,"binance-1m-open:SOLUSDT,USDCUSDT;USDT=USD parity;v1",False,observed_buyer,True,0.004449,39,-41.07,75,-61.46,14,39,75,"[""INSUFFICIENT_SAMPLE"", ""NEGATIVE_PNL"", ""LOW_PF""]",1,7879.43,0,5,0,2026-09-28T13:49:11.000Z,2026-09-28T12:06:02.000Z,2024-05-16T06:54:10.000Z,True,0.011908,63,"[""6GmAFSYs4gk3FDao5FzzySQpPZaWsa4rUJHacpMpUNgx"", ""BPxxfRCXkUVhig4HS1Lh7kZqV6SPJhzfEk4x6fVBjPCy""]",INSUFFICIENT_SAMPLE,1,2026-08-29T13:49:11.000Z,2026-09-28T12:06:53.638Z,3994,-1080.35,62,-148.36,0,0,1,300.01,47.50,0.3993
"{""status"": ""REJECTED"", ""reasons"": [""closed episodes 7 < 30"", ""distinct tokens 6 < 20"", ""total PnL -590.88 USD not positive"", ""profit factor 0.00 < 1.2"", ""single token share 5950 bps""], ""total_pnl_usd"": ""-590.8820929961888055925419889488"", ""closed_episodes"": 7}",1,0,"{""BUY"": 19, ""SELL"": 11, ""BASE_ONLY"": 17, ""NO_CHANGE"": 2, ""TRANSFER_IN"": 1, ""UNSUPPORTED"": 1}",0,"{""signature_scan_id"": ""129"", ""cached_transactions"": 51}",0,0.007,-207.78,extractor v1; balance-normalizer v1,1,AoRh1v6zoBbPRz5dwrUCEZggdmJevZvwvAj273pZNPUh,9,10,"[""closed episodes 10 < 30"", ""distinct tokens 9 < 20"", ""total PnL -207.78 USD not positive"", ""profit factor 0.01 < 1.2"", ""single token share 5353 bps""]",13,1,"binance-1m-open:SOLUSDT,USDCUSDT;USDT=USD parity;v1",False,observed_buyer,True,0.000652,30,-166.18,70,-41.60,16,30,70,"[""INSUFFICIENT_SAMPLE"", ""NEGATIVE_PNL"", ""LOW_PF"", ""RISK_OR_COPYABILITY_FAIL""]",0,571.33,0,9,0,2026-09-28T13:49:11.000Z,2026-09-28T12:11:37.000Z,2026-02-19T12:52:41.000Z,True,-0.010125,51,"[""98kfF7rmsg1QDUEoCqNE7g7M1FdrTt92TEp2CLzypump""]",INSUFFICIENT_SAMPLE,1,2026-08-29T13:49:11.000Z,2026-09-28T12:12:19.173Z,5353,-98.82,51,-208.45,1,0,1,29.66,-173.76,0.5352
"{""status"": ""REJECTED"", ""reasons"": [""closed episodes 4 < 30"", ""distinct tokens 4 < 20"", ""active days 6 < 7"", ""total PnL -399.15 USD not positive"", ""losing episodes 4 < 5 (profit factor not meaningful)"", ""profit factor 0.14 < 1.2"", ""single token share 10000 bps""], ""total_pnl_usd"": ""-399.1507357676987972807426297"", ""closed_episodes"": 4}",14,0,"{""BUY"": 26, ""SELL"": 12, ""BASE_ONLY"": 31, ""TRANSFER_IN"": 14}",0,"{""signature_scan_id"": ""143"", ""cached_transactions"": 83}",0,0.059,-248.40,extractor v1; balance-normalizer v1,0,BSr7amTrpyzXNmezLULpzRTxv1zXb1TysExuAyzhZrCt,6,9,"[""closed episodes 9 < 30"", ""distinct tokens 9 < 20"", ""active days 6 < 7"", ""total PnL -248.40 USD not positive"", ""profit factor 0.06 < 1.2"", ""single token share 9528 bps""]",8,2,"binance-1m-open:SOLUSDT,USDCUSDT;USDT=USD parity;v1",False,observed_buyer,True,0.038590,38,-206.38,109,-42.02,10,38,109,"[""INSUFFICIENT_SAMPLE"", ""NEGATIVE_PNL"", ""LOW_PF"", ""RISK_OR_COPYABILITY_FAIL""]",0,736.98,1,9,0,2026-09-28T13:49:11.000Z,2026-09-28T13:48:12.000Z,2026-09-17T12:43:33.000Z,True,0.024587,83,"[""3iUTyNYW6xKv5kZUjtbrEDTsuJTrSVwvB3bQtxkLpump""]",INSUFFICIENT_SAMPLE,0,2026-08-29T13:49:11.000Z,2026-09-28T12:22:00.234Z,9528,-154.66,83,-263.20,0,1,0,26.39,-206.38,0.9527
"{""status"": ""REJECTED"", ""reasons"": [""closed episodes 0 < 30"", ""distinct tokens 0 < 20"", ""active days 1 < 7"", ""total PnL -1008.76 USD not positive"", ""losing episodes 1 < 5 (profit factor not meaningful)"", ""profit factor 0.00 < 1.2"", ""single token share null bps""], ""total_pnl_usd"": ""-1008.7562119321443466743465"", ""closed_episodes"": 0}",0,0,"{""BUY"": 1, ""BASE_ONLY"": 4}",0,"{""signature_scan_id"": ""137"", ""cached_transactions"": 5}",0,0.000,-68.11,extractor v1; balance-normalizer v1,0,BcAiCpRLhHkkhLbRKrXtMEjQEBpW1ssQrccEvPndJQK1,1,0,"[""closed episodes 0 < 30"", ""distinct tokens 0 < 20"", ""active days 1 < 7"", ""total PnL -68.11 USD not positive"", ""losing episodes 1 < 5 (profit factor not meaningful)"", ""profit factor 0.00 < 1.2"", ""single token share null bps""]",1,2,"binance-1m-open:SOLUSDT,USDCUSDT;USDT=USD parity;v1",False,observed_buyer,True,0.000055,1,0.00,5,-68.11,1,1,5,"[""INSUFFICIENT_SAMPLE"", ""NEGATIVE_PNL"", ""LOW_PF"", ""RISK_OR_COPYABILITY_FAIL""]",0,1013.01,0,0,0,2026-09-28T13:49:11.000Z,2026-09-28T12:18:16.000Z,2026-09-28T12:05:30.000Z,True,0.001514,5,"[""98kfF7rmsg1QDUEoCqNE7g7M1FdrTt92TEp2CLzypump""]",INSUFFICIENT_SAMPLE,0,2026-08-29T13:49:11.000Z,2026-09-28T12:12:19.173Z,,-1013.01,5,0.00,0,0,0,,0.00,
"{""status"": ""REJECTED"", ""reasons"": [""closed episodes 0 < 30"", ""distinct tokens 0 < 20"", ""active days 0 < 7"", ""coverage 0 bps < 9000"", ""total PnL 0.00 USD not positive"", ""losing episodes 0 < 5 (profit factor not meaningful)"", ""profit factor n/a < 1.2"", ""single token share null bps"", ""history truncated or unavailable (coverage unknown)""], ""total_pnl_usd"": ""0"", ""closed_episodes"": 0}",0,0,"{""BUY"": 2, ""SELL"": 2, ""BASE_ONLY"": 4}",0,"{""signature_scan_id"": ""140"", ""cached_transactions"": 8}",0,0.000,-0.01,extractor v1; balance-normalizer v1,0,Boa1r979kTXQJ3ZK37HmFAPVRyuwjLSro5AzXigwnmND,1,0,"[""closed episodes 0 < 30"", ""distinct tokens 0 < 20"", ""active days 1 < 7"", ""total PnL -0.01 USD not positive"", ""losing episodes 1 < 5 (profit factor not meaningful)"", ""profit factor 0.00 < 1.2"", ""single token share null bps""]",1,1,"binance-1m-open:SOLUSDT,USDCUSDT;USDT=USD parity;v1",False,observed_buyer,True,0.000561,4,0.00,11,-0.01,1,4,11,"[""INSUFFICIENT_SAMPLE"", ""NEGATIVE_PNL"", ""LOW_PF"", ""RISK_OR_COPYABILITY_FAIL""]",0,3.51,0,0,0,2026-09-28T13:49:11.000Z,2026-09-28T12:12:59.000Z,2026-07-08T16:42:11.000Z,True,-0.002039,8,"[""JUPyiwrYJFskUPiHa7hkeR8VUtAeFoSYbKedZNsDvCN""]",INSUFFICIENT_SAMPLE,0,2026-08-29T13:49:11.000Z,2026-09-28T12:12:19.173Z,,-1.21,8,0.00,0,2,0,,0.00,
"{""status"": ""REJECTED"", ""reasons"": [""closed episodes 7 < 30"", ""distinct tokens 7 < 20"", ""total PnL -1192.09 USD not positive"", ""profit factor 0.00 < 1.2"", ""single token share 6298 bps""], ""total_pnl_usd"": ""-1192.0920249129576209746444068"", ""closed_episodes"": 7}",116,0,"{""BUY"": 73, ""SELL"": 12, ""BASE_ONLY"": 32, ""NO_CHANGE"": 9, ""TRANSFER_IN"": 116, ""UNSUPPORTED"": 1}",0,"{""signature_scan_id"": ""159"", ""cached_transactions"": 243}",0,0.005,-539.01,extractor v1; balance-normalizer v1,1,D7hFke72cFF1QtteNbbHHwK9eEK7tYvxKpNMHt93G2pp,11,10,"[""closed episodes 10 < 30"", ""distinct tokens 10 < 20"", ""total PnL -539.01 USD not positive"", ""profit factor 0.01 < 1.2"", ""single token share 5858 bps""]",15,1,"binance-1m-open:SOLUSDT,USDCUSDT;USDT=USD parity;v1",False,observed_buyer,True,0.006949,85,-120.38,321,-418.63,19,85,321,"[""INSUFFICIENT_SAMPLE"", ""NEGATIVE_PNL"", ""LOW_PF"", ""RISK_OR_COPYABILITY_FAIL""]",4,1084.96,2,10,0,2026-09-28T13:49:11.000Z,2026-09-28T13:48:12.000Z,2026-08-28T19:27:34.000Z,True,0.031989,247,"[""3iUTyNYW6xKv5kZUjtbrEDTsuJTrSVwvB3bQtxkLpump""]",INSUFFICIENT_SAMPLE,0,2026-08-29T13:49:11.000Z,2026-09-28T12:22:00.234Z,5858,-667.11,243,-540.64,1,0,0,13.41,-128.26,0.5857
"{""status"": ""REJECTED"", ""reasons"": [""closed episodes 2 < 30"", ""distinct tokens 2 < 20"", ""active days 1 < 7"", ""total PnL -142.23 USD not positive"", ""profit factor 0.06 < 1.2"", ""single token share 10000 bps""], ""total_pnl_usd"": ""-142.23496173893403080680131792"", ""closed_episodes"": 2}",0,16,"{""BUY"": 11, ""SELL"": 2, ""BASE_ONLY"": 4}",0,"{""signature_scan_id"": ""172"", ""cached_transactions"": 17}",0,0.197,-18.22,extractor v1; balance-normalizer v1,0,EotXwjHLYsPZ4vuP5nPP7JcaYCWUt2pgg2aMrCqbAFNk,1,2,"[""closed episodes 2 < 30"", ""distinct tokens 2 < 20"", ""active days 1 < 7"", ""total PnL -18.22 USD not positive"", ""profit factor 0.20 < 1.2"", ""single token share 9931 bps""]",9,0,"binance-1m-open:SOLUSDT,USDCUSDT;USDT=USD parity;v1",False,observed_buyer,True,0.002892,13,3.92,1,-22.14,11,13,1,"[""INSUFFICIENT_SAMPLE"", ""NEGATIVE_PNL"", ""LOW_PF"", ""RISK_OR_COPYABILITY_FAIL""]",0,86.06,0,2,0,2026-09-28T15:32:12.000Z,2026-09-28T09:02:52.000Z,2026-09-28T05:22:07.000Z,True,0.015113,17,"[""CGfVJX4D35wE8kviKKE1XyKU9EHRXe4Zsw3R55ABpump""]",INSUFFICIENT_SAMPLE,0,2026-08-29T15:32:12.000Z,2026-09-28T12:12:19.173Z,9931,-76.86,17,-22.65,0,0,0,1.32,-16.14,0.9931
"{""status"": ""REJECTED"", ""reasons"": [""closed episodes 0 < 30"", ""distinct tokens 0 < 20"", ""active days 0 < 7"", ""coverage 0 bps < 9000"", ""total PnL 0.00 USD not positive"", ""losing episodes 0 < 5 (profit factor not meaningful)"", ""profit factor n/a < 1.2"", ""single token share null bps"", ""history truncated or unavailable (coverage unknown)""], ""total_pnl_usd"": ""0"", ""closed_episodes"": 0}",28,0,"{""BUY"": 146, ""SELL"": 132, ""BASE_ONLY"": 73, ""NO_CHANGE"": 4, ""TRANSFER_IN"": 28, ""UNSUPPORTED"": 20}",0,"{""signature_scan_id"": ""181"", ""cached_transactions"": 403}",0,1.818,111717.70,extractor v1; balance-normalizer v1,20,F2CXkotbf69dCGYgpi88YX5gfXqDnGnnZmqz7TZs1Y9c,22,20,"[""closed episodes 20 < 30"", ""distinct tokens 14 < 20""]",18,1,"binance-1m-open:SOLUSDT,USDCUSDT;USDT=USD parity;v1",False,observed_buyer,True,0.068681,278,220853.46,537,-109135.76,35,278,537,"[""INSUFFICIENT_SAMPLE""]",5,1888012.54,23,14,0,2026-09-28T13:49:11.000Z,2026-09-28T13:16:36.000Z,2026-08-26T21:15:18.000Z,True,-0.013276,408,"[""A7bdiYdS5GjqGFtxf17ppRHtDKPkkRqbKtR27dxvQXaS""]",INSUFFICIENT_SAMPLE,5,2026-08-29T13:49:11.000Z,2026-09-28T12:12:19.173Z,3223,-450006.09,403,32141.07,20,3,5,13093.02,113679.04,0.3219
"{""status"": ""REJECTED"", ""reasons"": [""closed episodes 17 < 30"", ""distinct tokens 15 < 20"", ""total PnL -12.07 USD not positive"", ""profit factor 0.29 < 1.2"", ""single token share 4615 bps""], ""total_pnl_usd"": ""-12.06634092529802541223484"", ""closed_episodes"": 17}",1,0,"{""BUY"": 39, ""SELL"": 51, ""BASE_ONLY"": 3, ""NO_CHANGE"": 15, ""UNSUPPORTED"": 1, ""TRANSFER_OUT"": 1}",0,"{""signature_scan_id"": ""191"", ""cached_transactions"": 110}",0,3.361,6.10,extractor v1; balance-normalizer v1,1,FwVbnL26rjZcf1tBMuDtsbA6zoFB6p7VVi4gCuCG9jw8,23,19,"[""closed episodes 19 < 30"", ""distinct tokens 16 < 20""]",5,1,"binance-1m-open:SOLUSDT,USDCUSDT;USDT=USD parity;v1",False,observed_buyer,True,0.003313,90,6.67,146,-0.57,22,90,146,"[""INSUFFICIENT_SAMPLE""]",0,126.12,0,16,4,2026-09-28T13:49:11.000Z,2026-09-28T12:17:29.000Z,2026-08-29T09:20:07.000Z,True,-0.012820,110,"[""Ai66LHZG9MCzg1WKdawwqduVAXpNDUuV8M3uyq5ppump""]",INSUFFICIENT_SAMPLE,1,2026-08-29T13:49:11.000Z,2026-09-28T12:22:00.234Z,3335,-6.23,110,3.73,1,11,1,1.05,3.73,0.2631
"{""status"": ""REJECTED"", ""reasons"": [""closed episodes 0 < 30"", ""distinct tokens 0 < 20"", ""active days 4 < 7"", ""coverage 4702 bps < 9000"", ""total PnL -77.61 USD not positive"", ""losing episodes 1 < 5 (profit factor not meaningful)"", ""profit factor 0.00 < 1.2"", ""single token share null bps""], ""total_pnl_usd"": ""-77.61286843541559587573768"", ""closed_episodes"": 0}",0,0,"{""BUY"": 50, ""SELL"": 98, ""BASE_ONLY"": 4, ""UNSUPPORTED"": 7}",0,"{""signature_scan_id"": ""196"", ""cached_transactions"": 159}",0,0.217,-77.44,extractor v1; balance-normalizer v1,7,GFokUyTNKWoVuoQj53r9vUN2g3VqvD4q5zNUMuJqtSvR,4,4,"[""closed episodes 4 < 30"", ""distinct tokens 1 < 20"", ""active days 4 < 7"", ""total PnL -77.44 USD not positive"", ""losing episodes 1 < 5 (profit factor not meaningful)"", ""profit factor 0.22 < 1.2"", ""single token share 10000 bps""]",1,1,"binance-1m-open:SOLUSDT,USDCUSDT;USDT=USD parity;v1",False,observed_buyer,True,0.023350,148,21.50,207,-98.93,5,148,207,"[""INSUFFICIENT_SAMPLE"", ""NEGATIVE_PNL"", ""LOW_PF"", ""RISK_OR_COPYABILITY_FAIL""]",18,9950.61,0,1,0,2026-09-28T13:49:11.000Z,2026-09-28T13:00:47.000Z,2026-08-29T13:46:11.000Z,True,0.001514,177,"[""CbcyNo7m1amFWqEQm2m4PLv1UNvpcL3C1Ujm6AkzpKoU""]",INSUFFICIENT_SAMPLE,0,2026-08-29T13:49:11.000Z,2026-09-28T12:06:53.638Z,10000,-103.85,159,-98.93,7,2,0,41.61,21.50,0.9035
"{""status"": ""REJECTED"", ""reasons"": [""closed episodes 11 < 30"", ""distinct tokens 4 < 20"", ""total PnL -332.09 USD not positive"", ""losing episodes 4 < 5 (profit factor not meaningful)"", ""profit factor 0.80 < 1.2"", ""single token share 9674 bps""], ""total_pnl_usd"": ""-332.09233845508121016920526"", ""closed_episodes"": 11}",0,122,"{""BUY"": 317, ""SELL"": 74, ""BASE_ONLY"": 15}",0,"{""signature_scan_id"": ""197"", ""cached_transactions"": 406}",0,0.760,-201.04,extractor v1; balance-normalizer v1,0,Ghy359QznDd1nfJ79Z2WxMK1j2vZDThdwinwo5kSEzXm,13,12,"[""closed episodes 12 < 30"", ""distinct tokens 5 < 20"", ""total PnL -201.04 USD not positive"", ""profit factor 0.76 < 1.2"", ""single token share 9728 bps""]",6,0,"binance-1m-open:SOLUSDT,USDCUSDT;USDT=USD parity;v1",False,observed_buyer,True,0.148537,391,-113.75,372,-87.28,13,391,372,"[""INSUFFICIENT_SAMPLE"", ""NEGATIVE_PNL"", ""LOW_PF"", ""RISK_OR_COPYABILITY_FAIL""]",0,10735.35,0,5,0,2026-09-28T15:32:12.000Z,2026-09-28T13:34:31.000Z,2026-08-22T10:30:12.000Z,True,-0.003755,406,"[""CbcyNo7m1amFWqEQm2m4PLv1UNvpcL3C1Ujm6AkzpKoU""]",INSUFFICIENT_SAMPLE,0,2026-08-29T15:32:12.000Z,2026-09-28T12:12:19.173Z,9728,-597.90,406,-252.79,0,0,0,281.27,-130.75,0.5781
"{""status"": ""REJECTED"", ""reasons"": [""closed episodes 0 < 30"", ""distinct tokens 0 < 20"", ""active days 0 < 7"", ""coverage 0 bps < 9000"", ""total PnL 0.00 USD not positive"", ""losing episodes 0 < 5 (profit factor not meaningful)"", ""profit factor n/a < 1.2"", ""single token share null bps"", ""history truncated or unavailable (coverage unknown)""], ""total_pnl_usd"": ""0"", ""closed_episodes"": 0}",0,0,"{""BUY"": 2}",0,"{""signature_scan_id"": ""205"", ""cached_transactions"": 2}",0,0.000,-3.60,extractor v1; balance-normalizer v1,0,H1TXR4TaadYj5oeTvbCQf4wFiPiSFkWg6qbaPDQFoiGq,2,0,"[""closed episodes 0 < 30"", ""distinct tokens 0 < 20"", ""active days 2 < 7"", ""total PnL -3.60 USD not positive"", ""losing episodes 2 < 5 (profit factor not meaningful)"", ""profit factor 0.00 < 1.2"", ""single token share null bps""]",2,1,"binance-1m-open:SOLUSDT,USDCUSDT;USDT=USD parity;v1",False,observed_buyer,True,0.000085,2,0.00,2,-3.60,2,2,2,"[""INSUFFICIENT_SAMPLE"", ""NEGATIVE_PNL"", ""LOW_PF"", ""RISK_OR_COPYABILITY_FAIL""]",0,6.07,0,0,0,2026-09-28T13:49:11.000Z,2026-09-28T12:08:14.000Z,2026-07-23T08:50:39.000Z,True,0.003028,2,"[""CbcyNo7m1amFWqEQm2m4PLv1UNvpcL3C1Ujm6AkzpKoU""]",INSUFFICIENT_SAMPLE,0,2026-08-29T13:49:11.000Z,2026-09-28T12:12:19.173Z,,-6.07,2,-3.31,0,0,0,,-3.31,
"{""status"": ""REJECTED"", ""reasons"": [""closed episodes 0 < 30"", ""distinct tokens 0 < 20"", ""active days 0 < 7"", ""coverage 0 bps < 9000"", ""total PnL 0.00 USD not positive"", ""losing episodes 0 < 5 (profit factor not meaningful)"", ""profit factor n/a < 1.2"", ""single token share null bps"", ""history truncated or unavailable (coverage unknown)""], ""total_pnl_usd"": ""0"", ""closed_episodes"": 0}",0,0,"{""BUY"": 131, ""SELL"": 131, ""BASE_ONLY"": 2, ""NO_CHANGE"": 1}",0,"{""signature_scan_id"": ""206"", ""cached_transactions"": 265}",0,0.376,-1.27,extractor v1; balance-normalizer v1,0,H8Txn1N8edBth2uUtQm63e2rCygGzEYEVBXmej9GvJKN,15,131,"[""distinct tokens 4 < 20"", ""total PnL -1.27 USD not positive"", ""profit factor 0.38 < 1.2"", ""single token share 9869 bps""]",96,2,"binance-1m-open:SOLUSDT,USDCUSDT;USDT=USD parity;v1",False,observed_buyer,True,0.001415,262,-1.27,358,0.00,131,262,358,"[""INSUFFICIENT_SAMPLE"", ""NEGATIVE_PNL"", ""LOW_PF"", ""RISK_OR_COPYABILITY_FAIL""]",0,497.32,0,4,27,2026-09-28T13:49:11.000Z,2026-09-28T12:30:30.000Z,2026-09-08T14:33:17.000Z,True,0.001856,265,"[""JUPyiwrYJFskUPiHa7hkeR8VUtAeFoSYbKedZNsDvCN""]",INSUFFICIENT_SAMPLE,0,2026-08-29T13:49:11.000Z,2026-09-28T12:12:19.173Z,9869,0.00,265,-1.27,0,0,0,2.22,-0.99,0.2153
"{""status"": ""REJECTED"", ""reasons"": [""closed episodes 0 < 30"", ""distinct tokens 0 < 20"", ""active days 0 < 7"", ""coverage 0 bps < 9000"", ""total PnL 0.00 USD not positive"", ""losing episodes 0 < 5 (profit factor not meaningful)"", ""profit factor n/a < 1.2"", ""single token share null bps"", ""history truncated or unavailable (coverage unknown)""], ""total_pnl_usd"": ""0"", ""closed_episodes"": 0}",5,0,"{""BUY"": 281, ""SELL"": 174, ""BASE_ONLY"": 405, ""NO_CHANGE"": 7, ""TRANSFER_IN"": 5, ""UNSUPPORTED"": 20}",0,"{""signature_scan_id"": ""207"", ""cached_transactions"": 892}",0,71.604,266.54,extractor v1; balance-normalizer v1,20,H9LVkMguE2LEZ3LpPu1jPEP2NgcJo3ebcRveNd7hEmME,31,14,"[""closed episodes 14 < 30"", ""distinct tokens 4 < 20"", ""losing episodes 2 < 5 (profit factor not meaningful)"", ""single token share 4084 bps""]",2,1,"binance-1m-open:SOLUSDT,USDCUSDT;USDT=USD parity;v1",False,observed_buyer,True,0.034095,455,255.17,1189,11.37,19,455,1189,"[""INSUFFICIENT_SAMPLE"", ""RISK_OR_COPYABILITY_FAIL""]",16,18392.00,0,4,0,2026-09-28T13:49:11.000Z,2026-09-28T13:31:12.000Z,2026-08-29T11:22:39.000Z,True,0.000000,908,"[""JUPyiwrYJFskUPiHa7hkeR8VUtAeFoSYbKedZNsDvCN""]",INSUFFICIENT_SAMPLE,2,2026-08-29T13:49:11.000Z,2026-09-28T12:12:19.173Z,4084,-380.12,892,157.28,20,1,5,46.03,203.65,0.1601
"{""status"": ""REJECTED"", ""reasons"": [""closed episodes 9 < 30"", ""distinct tokens 9 < 20"", ""active days 4 < 7"", ""total PnL -131.65 USD not positive"", ""profit factor 0.19 < 1.2"", ""single token share 7819 bps""], ""total_pnl_usd"": ""-131.6479521537115263042291329801"", ""closed_episodes"": 9}",3,93,"{""BUY"": 63, ""SELL"": 20, ""BASE_ONLY"": 24, ""NO_CHANGE"": 1, ""UNSUPPORTED"": 1, ""TRANSFER_OUT"": 3}",0,"{""signature_scan_id"": ""211"", ""cached_transactions"": 112}",0,0.488,-30.12,extractor v1; balance-normalizer v1,1,Hf1u3ypyhvNSa9M7UqiJu5mr6SUH9tMKwjDwLKmS1bpH,4,15,"[""closed episodes 15 < 30"", ""distinct tokens 15 < 20"", ""active days 4 < 7"", ""total PnL -30.12 USD not positive"", ""profit factor 0.49 < 1.2"", ""single token share 5812 bps""]",26,0,"binance-1m-open:SOLUSDT,USDCUSDT;USDT=USD parity;v1",False,observed_buyer,True,0.001330,83,-22.10,19,-8.02,36,83,19,"[""INSUFFICIENT_SAMPLE"", ""NEGATIVE_PNL"", ""LOW_PF"", ""RISK_OR_COPYABILITY_FAIL""]",1,188.18,0,15,1,2026-09-28T15:32:12.000Z,2026-09-28T13:11:47.000Z,2026-09-24T13:32:24.000Z,True,0.047239,113,"[""3iUTyNYW6xKv5kZUjtbrEDTsuJTrSVwvB3bQtxkLpump""]",INSUFFICIENT_SAMPLE,3,2026-08-29T15:32:12.000Z,2026-09-28T12:22:00.234Z,5812,-52.57,112,-45.69,1,0,3,2.78,-27.83,0.5811
"{""status"": ""REJECTED"", ""reasons"": [""closed episodes 0 < 30"", ""distinct tokens 0 < 20"", ""active days 0 < 7"", ""coverage 0 bps < 9000"", ""total PnL 0.00 USD not positive"", ""losing episodes 0 < 5 (profit factor not meaningful)"", ""profit factor n/a < 1.2"", ""single token share null bps"", ""history truncated or unavailable (coverage unknown)""], ""total_pnl_usd"": ""0"", ""closed_episodes"": 0}",20,0,"{""BUY"": 171, ""SELL"": 148, ""BASE_ONLY"": 5, ""TRANSFER_IN"": 20, ""UNSUPPORTED"": 1}",0,"{""signature_scan_id"": ""216"", ""cached_transactions"": 345}",0,2.187,5527.83,extractor v1; balance-normalizer v1,1,HpCQNKE2rnvr4ktWYu6nSEKLyR9cUR6wGGHoejKCXd1A,22,40,"[""distinct tokens 2 < 20"", ""single token share 7592 bps""]",21,1,"binance-1m-open:SOLUSDT,USDCUSDT;USDT=USD parity;v1",False,observed_buyer,True,0.116169,319,3723.86,457,1803.96,41,319,457,"[""INSUFFICIENT_SAMPLE"", ""RISK_OR_COPYABILITY_FAIL""]",4,3666419.48,20,2,0,2026-09-28T13:49:11.000Z,2026-09-28T13:49:59.000Z,2026-04-02T14:07:09.000Z,True,0.005454,349,"[""6GmAFSYs4gk3FDao5FzzySQpPZaWsa4rUJHacpMpUNgx""]",INSUFFICIENT_SAMPLE,0,2026-08-29T13:49:11.000Z,2026-09-28T12:12:19.173Z,7592,-23730.14,345,124.88,1,0,0,10835.22,124.88,0.1915
"{""status"": ""REJECTED"", ""reasons"": [""closed episodes 0 < 30"", ""distinct tokens 0 < 20"", ""active days 0 < 7"", ""coverage 0 bps < 9000"", ""total PnL 0.00 USD not positive"", ""losing episodes 0 < 5 (profit factor not meaningful)"", ""profit factor n/a < 1.2"", ""single token share null bps"", ""history truncated or unavailable (coverage unknown)""], ""total_pnl_usd"": ""0"", ""closed_episodes"": 0}",0,0,"{""BUY"": 9, ""BASE_ONLY"": 14}",0,"{""signature_scan_id"": ""222"", ""cached_transactions"": 23}",0,,94.70,extractor v1; balance-normalizer v1,0,oeAutz7Xgwz84MqZqix5mDdaSaaL2qFJ6Gc1Tmqaweb,6,0,"[""closed episodes 0 < 30"", ""distinct tokens 0 < 20"", ""active days 6 < 7"", ""losing episodes 0 < 5 (profit factor not meaningful)"", ""profit factor n/a < 1.2"", ""single token share 10000 bps""]",0,1,"binance-1m-open:SOLUSDT,USDCUSDT;USDT=USD parity;v1",False,observed_buyer,True,0.001822,9,0.00,33,94.70,1,9,33,"[""INSUFFICIENT_SAMPLE"", ""LOW_PF"", ""RISK_OR_COPYABILITY_FAIL""]",0,477.15,0,0,0,2026-09-28T13:49:11.000Z,2026-09-28T12:11:14.000Z,2026-07-08T11:38:29.000Z,True,-0.335097,23,"[""BPxxfRCXkUVhig4HS1Lh7kZqV6SPJhzfEk4x6fVBjPCy""]",INSUFFICIENT_SAMPLE,0,2026-08-29T13:49:11.000Z,2026-09-28T12:12:19.173Z,10000,-477.15,23,0.00,0,0,0,,0.00,1.0000
"{""status"": ""REJECTED"", ""reasons"": [""closed episodes 0 < 30"", ""distinct tokens 0 < 20"", ""active days 0 < 7"", ""coverage 0 bps < 9000"", ""total PnL 0.00 USD not positive"", ""losing episodes 0 < 5 (profit factor not meaningful)"", ""profit factor n/a < 1.2"", ""single token share null bps"", ""history truncated or unavailable (coverage unknown)""], ""total_pnl_usd"": ""0"", ""closed_episodes"": 0}",0,0,"{""BUY"": 7, ""SELL"": 1, ""BASE_ONLY"": 1}",0,"{""signature_scan_id"": ""230"", ""cached_transactions"": 9}",0,0.374,-0.46,extractor v1; balance-normalizer v1,0,yuvKySNaz9b2mw6jwgErUnX34bKwqSrxJzhEnb2j72S,6,0,"[""closed episodes 0 < 30"", ""distinct tokens 0 < 20"", ""active days 6 < 7"", ""total PnL -0.46 USD not positive"", ""losing episodes 2 < 5 (profit factor not meaningful)"", ""profit factor 0.37 < 1.2"", ""single token share 10000 bps""]",2,1,"binance-1m-open:SOLUSDT,USDCUSDT;USDT=USD parity;v1",False,observed_buyer,True,0.000040,8,0.00,10,-0.46,3,8,10,"[""INSUFFICIENT_SAMPLE"", ""NEGATIVE_PNL"", ""LOW_PF"", ""RISK_OR_COPYABILITY_FAIL""]",0,29.42,0,0,0,2026-09-28T13:49:11.000Z,2026-09-28T12:12:00.000Z,2026-08-06T01:18:28.000Z,True,0.003002,9,"[""98kfF7rmsg1QDUEoCqNE7g7M1FdrTt92TEp2CLzypump""]",INSUFFICIENT_SAMPLE,0,2026-08-29T13:49:11.000Z,2026-09-28T12:12:19.173Z,10000,-20.68,9,-0.74,0,1,0,,0.09,1.0000
"{""status"": ""REJECTED"", ""reasons"": [""closed episodes 0 < 30"", ""distinct tokens 0 < 20"", ""active days 0 < 7"", ""coverage 0 bps < 9000"", ""total PnL 0.00 USD not positive"", ""losing episodes 0 < 5 (profit factor not meaningful)"", ""profit factor n/a < 1.2"", ""single token share null bps"", ""history truncated or unavailable (coverage unknown)""], ""total_pnl_usd"": ""0"", ""closed_episodes"": 0}",20,0,"{""BUY"": 63, ""SELL"": 48, ""BASE_ONLY"": 162, ""TRANSFER_IN"": 20}",0,"{""signature_scan_id"": ""155"", ""cached_transactions"": 293}",0,1.080,25.06,extractor v1; balance-normalizer v1,0,CTX4PdKnuALytogidVALWWeLKw99hD2BDzEMXENeSwMB,11,48,"[""profit factor 1.08 < 1.2"", ""single token share 5500 bps""]",35,2,"binance-1m-open:SOLUSDT,USDCUSDT;USDT=USD parity;v1",False,observed_buyer,True,0.117401,111,99.58,390,-74.52,55,111,390,"[""LOW_PF"", ""RISK_OR_COPYABILITY_FAIL""]",90,2113.47,1,28,0,2026-09-28T13:49:11.000Z,2026-09-28T13:34:46.000Z,2026-09-13T06:34:10.000Z,True,0.057724,383,"[""CGfVJX4D35wE8kviKKE1XyKU9EHRXe4Zsw3R55ABpump""]",LOW_PF,0,2026-08-29T13:49:11.000Z,2026-09-28T12:12:19.173Z,5500,-75.87,293,-160.70,0,0,0,17.41,25.50,0.3189
"{""status"": ""REJECTED"", ""reasons"": [""closed episodes 0 < 30"", ""distinct tokens 0 < 20"", ""active days 0 < 7"", ""coverage 0 bps < 9000"", ""total PnL 0.00 USD not positive"", ""losing episodes 0 < 5 (profit factor not meaningful)"", ""profit factor n/a < 1.2"", ""single token share null bps"", ""history truncated or unavailable (coverage unknown)""], ""total_pnl_usd"": ""0"", ""closed_episodes"": 0}",39,408,"{""BUY"": 127, ""SELL"": 94, ""BASE_ONLY"": 140, ""NO_CHANGE"": 9, ""TRANSFER_IN"": 33, ""TRANSFER_OUT"": 6}",0,"{""signature_scan_id"": ""200"", ""cached_transactions"": 409}",0,1.043,93.48,extractor v1; balance-normalizer v1,0,GSkcV6Gcm3C4HDndQtWNqntFAEAtY5pcDrcGX1MagGBX,12,78,"[""profit factor 1.04 < 1.2"", ""single token share 7334 bps""]",59,0,"binance-1m-open:SOLUSDT,USDCUSDT;USDT=USD parity;v1",False,observed_buyer,True,0.087154,221,64.82,1,28.66,81,221,1,"[""LOW_PF"", ""RISK_OR_COPYABILITY_FAIL""]",3,16264.46,7,51,0,2026-09-28T15:32:12.000Z,2026-09-28T13:06:26.000Z,2026-08-29T02:27:50.000Z,True,-0.008527,412,"[""CbcyNo7m1amFWqEQm2m4PLv1UNvpcL3C1Ujm6AkzpKoU""]",LOW_PF,2,2026-08-29T15:32:12.000Z,2026-09-28T12:12:19.173Z,7334,-244.06,409,-1226.38,0,0,6,61.76,-1226.38,0.7139
"{""status"": ""REJECTED"", ""reasons"": [""closed episodes 0 < 30"", ""distinct tokens 0 < 20"", ""active days 1 < 7"", ""coverage 5000 bps < 9000"", ""total PnL -0.18 USD not positive"", ""losing episodes 1 < 5 (profit factor not meaningful)"", ""profit factor 0.00 < 1.2"", ""single token share null bps""], ""total_pnl_usd"": ""-0.179995463833362099135774272"", ""closed_episodes"": 0}",2,0,"{""TRANSFER_IN"": 1, ""TRANSFER_OUT"": 1}",0,"{""signature_scan_id"": ""59"", ""cached_transactions"": 2}",0,,0.00,extractor v1; balance-normalizer v1,0,6KpVtXh3XQPGc71RTdstzDWCutVCSmB2WjECojzJFAtR,0,0,"[""closed episodes 0 < 30"", ""distinct tokens 0 < 20"", ""active days 0 < 7"", ""coverage 0 bps < 9000"", ""total PnL 0.00 USD not positive"", ""losing episodes 0 < 5 (profit factor not meaningful)"", ""profit factor n/a < 1.2"", ""single token share null bps""]",0,1,"binance-1m-open:SOLUSDT,USDCUSDT;USDT=USD parity;v1",False,observed_buyer,True,0.000030,0,0.00,2,0.00,0,0,2,"[""MISSING_PRICE"", ""INSUFFICIENT_SAMPLE"", ""NEGATIVE_PNL"", ""LOW_PF"", ""RISK_OR_COPYABILITY_FAIL""]",0,0.00,1,0,0,2026-09-28T13:49:11.000Z,2026-09-28T06:38:45.000Z,2026-08-10T04:23:06.000Z,True,0.001514,2,"[""CGfVJX4D35wE8kviKKE1XyKU9EHRXe4Zsw3R55ABpump""]",MISSING_PRICE,0,2026-08-29T13:49:11.000Z,2026-09-28T12:12:19.173Z,,0.00,2,0.00,0,0,0,,0.00,
"{""status"": ""REJECTED"", ""reasons"": [""closed episodes 0 < 30"", ""distinct tokens 0 < 20"", ""active days 2 < 7"", ""total PnL -0.69 USD not positive"", ""losing episodes 2 < 5 (profit factor not meaningful)"", ""profit factor 0.00 < 1.2"", ""single token share null bps""], ""total_pnl_usd"": ""-0.68966554539975240535466"", ""closed_episodes"": 0}",3,0,"{""BASE_ONLY"": 2, ""TRANSFER_IN"": 3}",0,"{""signature_scan_id"": ""151"", ""cached_transactions"": 5}",0,,0.00,extractor v1; balance-normalizer v1,0,CnPKmrj6bg4NLEYG4zTUpxMdFwoiDtGve5AdxqYo7vTB,0,0,"[""closed episodes 0 < 30"", ""distinct tokens 0 < 20"", ""active days 0 < 7"", ""coverage 0 bps < 9000"", ""total PnL 0.00 USD not positive"", ""losing episodes 0 < 5 (profit factor not meaningful)"", ""profit factor n/a < 1.2"", ""single token share null bps""]",0,1,"binance-1m-open:SOLUSDT,USDCUSDT;USDT=USD parity;v1",False,observed_buyer,True,0.000502,0,0.00,5,0.00,0,0,5,"[""MISSING_PRICE"", ""INSUFFICIENT_SAMPLE"", ""NEGATIVE_PNL"", ""LOW_PF"", ""RISK_OR_COPYABILITY_FAIL""]",0,0.00,2,0,0,2026-09-28T13:49:11.000Z,2026-09-28T12:14:13.000Z,2026-07-16T13:12:02.000Z,True,0.003028,5,"[""Ai66LHZG9MCzg1WKdawwqduVAXpNDUuV8M3uyq5ppump""]",MISSING_PRICE,0,2026-08-29T13:49:11.000Z,2026-09-28T12:22:00.234Z,,0.00,5,0.00,0,0,0,,0.00,
"{""status"": ""REJECTED"", ""reasons"": [""total PnL -511.34 USD not positive"", ""profit factor 0.44 < 1.2""], ""total_pnl_usd"": ""-511.3351126513395883318310091"", ""closed_episodes"": 69}",22,0,"{""BUY"": 193, ""SELL"": 123, ""BASE_ONLY"": 182, ""NO_CHANGE"": 27, ""TRANSFER_IN"": 21, ""UNSUPPORTED"": 9, ""TRANSFER_OUT"": 1}",0,"{""signature_scan_id"": ""61"", ""cached_transactions"": 556}",0,0.463,-262.56,extractor v1; balance-normalizer v1,9,6Q7A5YaTWmcW7p8yccThhgQktpADYEWU2Wcm8MeeQH9e,26,96,"[""total PnL -262.56 USD not positive"", ""profit factor 0.46 < 1.2""]",65,1,"binance-1m-open:SOLUSDT,USDCUSDT;USDT=USD parity;v1",False,observed_buyer,True,0.057971,316,-235.83,753,-26.73,104,316,753,"[""NEGATIVE_PNL"", ""LOW_PF""]",2,2550.90,0,90,0,2026-09-28T13:49:11.000Z,2026-09-28T13:38:38.000Z,2026-08-28T23:41:12.000Z,True,-0.005204,558,"[""3iUTyNYW6xKv5kZUjtbrEDTsuJTrSVwvB3bQtxkLpump""]",NEGATIVE_PNL,5,2026-08-29T13:49:11.000Z,2026-09-28T12:22:00.234Z,1794,-39.10,556,-303.10,9,3,22,10.00,-247.83,0.1793
"{""status"": ""REJECTED"", ""reasons"": [""closed episodes 0 < 30"", ""distinct tokens 0 < 20"", ""active days 0 < 7"", ""coverage 0 bps < 9000"", ""total PnL 0.00 USD not positive"", ""losing episodes 0 < 5 (profit factor not meaningful)"", ""profit factor n/a < 1.2"", ""single token share null bps"", ""history truncated or unavailable (coverage unknown)""], ""total_pnl_usd"": ""0"", ""closed_episodes"": 0}",18,0,"{""BUY"": 112, ""SELL"": 81, ""BASE_ONLY"": 16, ""NO_CHANGE"": 53, ""UNSUPPORTED"": 15, ""TRANSFER_OUT"": 18}",0,"{""signature_scan_id"": ""93"", ""cached_transactions"": 295}",0,0.285,-41.15,extractor v1; balance-normalizer v1,15,8L4Px3DcJhMEgrN4ptq1BN9Q4qRaAgSvAUL6rZPkeL7w,18,51,"[""total PnL -41.15 USD not positive"", ""profit factor 0.28 < 1.2"", ""single token share 8292 bps""]",44,1,"binance-1m-open:SOLUSDT,USDCUSDT;USDT=USD parity;v1",False,observed_buyer,True,0.008689,193,-38.72,394,-2.43,67,193,394,"[""NEGATIVE_PNL"", ""LOW_PF"", ""RISK_OR_COPYABILITY_FAIL""]",30,283.91,4,36,43,2026-09-28T13:49:11.000Z,2026-09-28T12:37:50.000Z,2026-08-26T13:00:05.000Z,True,-0.994862,325,"[""3iUTyNYW6xKv5kZUjtbrEDTsuJTrSVwvB3bQtxkLpump""]",NEGATIVE_PNL,4,2026-08-29T13:49:11.000Z,2026-09-28T12:06:53.638Z,8292,-11.50,295,-43.22,15,0,14,0.12,-41.15,0.8162
"{""status"": ""REJECTED"", ""reasons"": [""coverage 8785 bps < 9000"", ""total PnL -390.18 USD not positive"", ""profit factor 0.61 < 1.2""], ""total_pnl_usd"": ""-390.17671143227094862732138377934"", ""closed_episodes"": 41}",18,240,"{""BUY"": 157, ""SELL"": 111, ""BASE_ONLY"": 55, ""TRANSFER_IN"": 18, ""UNSUPPORTED"": 11}",0,"{""signature_scan_id"": ""102"", ""cached_transactions"": 352}",0,0.514,-323.44,extractor v1; balance-normalizer v1,11,99oZNL36K24bSbHYMkdMMuia9cWuMkNUTL9QTNntq8RZ,21,81,"[""total PnL -323.44 USD not positive"", ""profit factor 0.51 < 1.2""]",54,0,"binance-1m-open:SOLUSDT,USDCUSDT;USDT=USD parity;v1",False,observed_buyer,True,0.063415,268,-295.52,150,-27.92,91,268,150,"[""NEGATIVE_PNL"", ""LOW_PF""]",7,3537.07,1,76,0,2026-09-28T15:32:12.000Z,2026-09-28T13:08:04.000Z,2026-08-30T20:42:06.000Z,True,0.013223,359,"[""CbcyNo7m1amFWqEQm2m4PLv1UNvpcL3C1Ujm6AkzpKoU""]",NEGATIVE_PNL,3,2026-08-29T15:32:12.000Z,2026-09-28T12:12:19.173Z,2622,-99.03,352,-412.99,11,2,3,12.30,-319.90,0.2621
"{""status"": ""REJECTED"", ""reasons"": [""distinct tokens 15 < 20""], ""total_pnl_usd"": ""58739.17004519143507918109622619544"", ""closed_episodes"": 46}",70,2,"{""BUY"": 273, ""SELL"": 251, ""BASE_ONLY"": 269, ""NO_CHANGE"": 10, ""TRANSFER_IN"": 61, ""UNSUPPORTED"": 13, ""TRANSFER_OUT"": 9}",0,"{""signature_scan_id"": ""109"", ""cached_transactions"": 886}",0,0.782,-16571.91,extractor v1; balance-normalizer v1,13,9HYz7pVPn3Z1wJdYNRWVUPHWCLdKdy4gnKYmsEpwcQMU,30,82,"[""total PnL -16571.91 USD not positive"", ""profit factor 0.78 < 1.2"", ""single token share 4172 bps""]",54,1,"binance-1m-open:SOLUSDT,USDCUSDT;USDT=USD parity;v1",False,observed_buyer,True,0.029273,524,-8395.86,1208,-8176.05,100,524,1208,"[""NEGATIVE_PNL"", ""LOW_PF"", ""RISK_OR_COPYABILITY_FAIL""]",89,1567344.46,13,31,0,2026-09-28T13:49:11.000Z,2026-09-28T13:29:19.000Z,2026-08-29T12:02:28.000Z,True,-0.057697,975,"[""Ai66LHZG9MCzg1WKdawwqduVAXpNDUuV8M3uyq5ppump""]",NEGATIVE_PNL,14,2026-08-29T13:49:11.000Z,2026-09-28T12:12:19.173Z,4172,-43465.84,886,-32782.11,13,3,50,3548.76,-13153.53,0.3216
"{""status"": ""REJECTED"", ""reasons"": [""coverage 8178 bps < 9000"", ""total PnL -1423.75 USD not positive"", ""profit factor 0.34 < 1.2"", ""history truncated or unavailable (coverage unknown)""], ""total_pnl_usd"": ""-1423.75496172840819026511161952"", ""closed_episodes"": 104}",15,0,"{""BUY"": 558, ""SELL"": 320, ""BASE_ONLY"": 111, ""TRANSFER_IN"": 13, ""UNSUPPORTED"": 8, ""TRANSFER_OUT"": 2}",0,"{""signature_scan_id"": ""156"", ""cached_transactions"": 1012}",0,0.635,-229.01,extractor v1; balance-normalizer v1,8,Cybm6WcyH7bhVyQ9epTvU4rLtUzePpHpRv6u2JHjD1sk,28,248,"[""total PnL -229.01 USD not positive"", ""profit factor 0.63 < 1.2""]",154,2,"binance-1m-open:SOLUSDT,USDCUSDT;USDT=USD parity;v1",False,observed_buyer,True,0.046563,878,-224.90,1358,-4.10,261,878,1358,"[""NEGATIVE_PNL"", ""LOW_PF""]",9,6275.88,3,192,3,2026-09-28T13:49:11.000Z,2026-09-28T12:22:29.000Z,2026-08-29T08:47:17.000Z,True,0.016941,1021,"[""3iUTyNYW6xKv5kZUjtbrEDTsuJTrSVwvB3bQtxkLpump""]",NEGATIVE_PNL,9,2026-08-29T13:49:11.000Z,2026-09-28T12:22:00.234Z,1731,-20.23,1012,-296.57,8,6,12,6.05,-228.79,0.1396
"{""status"": ""REJECTED"", ""reasons"": [""total PnL -287.01 USD not positive"", ""profit factor 0.50 < 1.2""], ""total_pnl_usd"": ""-287.0140606594"", ""closed_episodes"": 41}",7,0,"{""BUY"": 43, ""SELL"": 56, ""BASE_ONLY"": 22, ""NO_CHANGE"": 1, ""TRANSFER_IN"": 7, ""UNSUPPORTED"": 1}",0,"{""signature_scan_id"": ""187"", ""cached_transactions"": 130}",0,0.311,-199.94,extractor v1; balance-normalizer v1,1,FQzrdBpmmt9JyfmMm8KXAqoXBUfhnsMc5pAXoibEw9xU,11,41,"[""total PnL -199.94 USD not positive"", ""profit factor 0.31 < 1.2""]",25,2,"binance-1m-open:SOLUSDT,USDCUSDT;USDT=USD parity;v1",False,observed_buyer,True,0.010096,99,-201.65,155,1.71,45,99,155,"[""NEGATIVE_PNL"", ""LOW_PF""]",5,2598.47,1,39,0,2026-09-28T13:49:11.000Z,2026-09-28T08:04:36.000Z,2026-09-16T08:42:36.000Z,True,0.062052,135,"[""CGfVJX4D35wE8kviKKE1XyKU9EHRXe4Zsw3R55ABpump""]",NEGATIVE_PNL,3,2026-08-29T13:49:11.000Z,2026-09-28T12:12:19.173Z,1925,-25.01,130,-217.27,1,0,5,28.00,-198.21,0.1684
"{""status"": ""REJECTED"", ""reasons"": [""history truncated or unavailable (coverage unknown)""], ""total_pnl_usd"": ""3604.91060392018448571613324"", ""closed_episodes"": 171}",44,907,"{""BUY"": 421, ""SELL"": 314, ""BASE_ONLY"": 61, ""NO_CHANGE"": 2, ""TRANSFER_IN"": 44, ""UNSUPPORTED"": 66}",0,"{""signature_scan_id"": ""210"", ""cached_transactions"": 908}",0,0.674,-1019.09,extractor v1; balance-normalizer v1,66,Hciog486qy94SU1tHyPgE4XDp72EczjAQwJD6NW6ouRb,29,154,"[""total PnL -1019.09 USD not positive"", ""profit factor 0.67 < 1.2""]",79,0,"binance-1m-open:SOLUSDT,USDCUSDT;USDT=USD parity;v1",False,observed_buyer,True,0.270637,735,19.68,1,-1038.77,167,735,1,"[""NEGATIVE_PNL"", ""LOW_PF""]",30,194778.05,10,45,0,2026-09-28T15:32:12.000Z,2026-09-28T12:20:33.000Z,2026-08-29T12:17:12.000Z,True,-0.020105,938,"[""4k3Dyjzvzp8eMZWUXbBCjEvwSkkk59S5iCNLY3QrkX6R""]",NEGATIVE_PNL,1,2026-08-29T15:32:12.000Z,2026-09-28T12:22:00.234Z,2606,-3858.25,908,-1564.97,66,6,1,198.97,-992.51,0.1157
"{""status"": ""REJECTED"", ""reasons"": [""coverage 7755 bps < 9000"", ""total PnL -1479.51 USD not positive"", ""profit factor 0.17 < 1.2""], ""total_pnl_usd"": ""-1479.50788639869396828893964838"", ""closed_episodes"": 39}",3,0,"{""BUY"": 120, ""SELL"": 80, ""BASE_ONLY"": 178, ""NO_CHANGE"": 1, ""TRANSFER_IN"": 2, ""UNSUPPORTED"": 52, ""TRANSFER_OUT"": 1}",0,"{""signature_scan_id"": ""9"", ""cached_transactions"": 434}",0,0.284,-526.55,extractor v1; balance-normalizer v1,52,2RdoWe88dDCYZKJRk2pTH9XXcDtNU9ReG3QRJ2jQqAXW,12,45,"[""total PnL -526.55 USD not positive"", ""profit factor 0.28 < 1.2""]",56,2,"binance-1m-open:SOLUSDT,USDCUSDT;USDT=USD parity;v1",False,observed_buyer,True,0.014999,200,-24.47,591,-502.08,74,200,591,"[""PARSER_UNSUPPORTED"", ""NEGATIVE_PNL"", ""LOW_PF""]",21,2539.14,0,40,3,2026-09-28T13:49:11.000Z,2026-09-28T12:43:49.000Z,2026-09-16T10:24:16.000Z,True,0.000076,455,"[""CGfVJX4D35wE8kviKKE1XyKU9EHRXe4Zsw3R55ABpump""]",PARSER_UNSUPPORTED,2,2026-08-29T13:49:11.000Z,2026-09-28T12:12:19.173Z,2698,-729.73,434,-582.81,52,13,3,7.71,-527.11,0.2697
"{""status"": ""REJECTED"", ""reasons"": [""closed episodes 0 < 30"", ""distinct tokens 0 < 20"", ""active days 0 < 7"", ""coverage 0 bps < 9000"", ""total PnL 0.00 USD not positive"", ""losing episodes 0 < 5 (profit factor not meaningful)"", ""profit factor n/a < 1.2"", ""single token share null bps"", ""history truncated or unavailable (coverage unknown)""], ""total_pnl_usd"": ""0"", ""closed_episodes"": 0}",10,0,"{""BUY"": 120, ""SELL"": 84, ""BASE_ONLY"": 112, ""NO_CHANGE"": 2, ""TRANSFER_IN"": 9, ""UNSUPPORTED"": 56, ""TRANSFER_OUT"": 1}",0,"{""signature_scan_id"": ""12"", ""cached_transactions"": 384}",0,2.320,1609.53,extractor v1; balance-normalizer v1,56,2WwvajYVGpjH9sQagsLXUzkzWvYV2wCK1xt3pqVuBXdN,26,39,"[""distinct tokens 15 < 20""]",12,1,"binance-1m-open:SOLUSDT,USDCUSDT;USDT=USD parity;v1",False,observed_buyer,True,0.090204,204,1348.19,524,261.34,48,204,524,"[""PARSER_UNSUPPORTED"", ""INSUFFICIENT_SAMPLE""]",6,228768.00,3,15,0,2026-09-28T13:49:11.000Z,2026-09-28T13:41:54.000Z,2026-08-27T16:43:07.000Z,True,-0.055767,390,"[""CbcyNo7m1amFWqEQm2m4PLv1UNvpcL3C1Ujm6AkzpKoU""]",PARSER_UNSUPPORTED,2,2026-08-29T13:49:11.000Z,2026-09-28T12:12:19.173Z,3406,-9760.05,384,646.21,56,8,6,1000.58,1926.27,0.2305
"{""status"": ""REJECTED"", ""reasons"": [""closed episodes 0 < 30"", ""distinct tokens 0 < 20"", ""active days 0 < 7"", ""coverage 0 bps < 9000"", ""total PnL 0.00 USD not positive"", ""losing episodes 0 < 5 (profit factor not meaningful)"", ""profit factor n/a < 1.2"", ""single token share null bps"", ""history truncated or unavailable (coverage unknown)""], ""total_pnl_usd"": ""0"", ""closed_episodes"": 0}",0,0,"{""BUY"": 3, ""SELL"": 2, ""BASE_ONLY"": 10, ""NO_CHANGE"": 6, ""UNSUPPORTED"": 2}",0,"{""signature_scan_id"": ""10"", ""cached_transactions"": 23}",0,0.253,-5.64,extractor v1; balance-normalizer v1,2,2rrMKWbfBeX4nbK47hiJEDL4ePEBJqmTPUiLosbVGopf,3,1,"[""closed episodes 1 < 30"", ""distinct tokens 1 < 20"", ""active days 3 < 7"", ""total PnL -5.64 USD not positive"", ""losing episodes 1 < 5 (profit factor not meaningful)"", ""profit factor 0.25 < 1.2"", ""single token share 10000 bps""]",1,1,"binance-1m-open:SOLUSDT,USDCUSDT;USDT=USD parity;v1",False,observed_buyer,True,0.002619,5,1.91,23,-7.55,3,5,23,"[""PARSER_UNSUPPORTED"", ""INSUFFICIENT_SAMPLE"", ""NEGATIVE_PNL"", ""LOW_PF"", ""RISK_OR_COPYABILITY_FAIL""]",1,21.74,0,1,0,2026-09-28T13:49:11.000Z,2026-09-28T12:21:14.000Z,2026-08-20T16:47:22.000Z,True,-0.050390,24,"[""Dz9mQ9NzkBcCsuGPFJ3r1bS4wgqKMHBPiVuniW8Mbonk""]",PARSER_UNSUPPORTED,0,2026-08-29T13:49:11.000Z,2026-09-28T12:12:19.173Z,10000,-7.56,23,-7.55,2,1,0,5.28,-5.64,1.0000
"{""status"": ""REJECTED"", ""reasons"": [""closed episodes 0 < 30"", ""distinct tokens 0 < 20"", ""active days 0 < 7"", ""coverage 0 bps < 9000"", ""total PnL 0.00 USD not positive"", ""losing episodes 0 < 5 (profit factor not meaningful)"", ""profit factor n/a < 1.2"", ""single token share null bps"", ""history truncated or unavailable (coverage unknown)""], ""total_pnl_usd"": ""0"", ""closed_episodes"": 0}",5,833,"{""BUY"": 348, ""SELL"": 7, ""BASE_ONLY"": 303, ""NO_CHANGE"": 1, ""TRANSFER_IN"": 5, ""UNSUPPORTED"": 245}",0,"{""signature_scan_id"": ""16"", ""cached_transactions"": 909}",0,2.537,34629.38,extractor v1; balance-normalizer v1,245,39PWY1xb5u9AoTaE8CYWVJNkFFXXvs4kyCmZFE7nYQY6,23,0,"[""closed episodes 0 < 30"", ""distinct tokens 0 < 20"", ""single token share 5234 bps""]",16,0,"binance-1m-open:SOLUSDT,USDCUSDT;USDT=USD parity;v1",False,observed_buyer,True,0.067378,355,0.00,86,34629.38,23,355,86,"[""PARSER_UNSUPPORTED"", ""INSUFFICIENT_SAMPLE"", ""RISK_OR_COPYABILITY_FAIL""]",984,261153.27,5,0,0,2026-09-28T15:32:12.000Z,2026-09-28T13:36:12.000Z,2026-08-27T05:49:20.000Z,True,0.036477,1893,"[""Dz9mQ9NzkBcCsuGPFJ3r1bS4wgqKMHBPiVuniW8Mbonk""]",PARSER_UNSUPPORTED,0,2026-08-29T15:32:12.000Z,2026-09-28T12:12:19.173Z,5234,-254552.45,909,4716.48,245,0,0,,13165.20,0.5233
"{""status"": ""REJECTED"", ""reasons"": [""closed episodes 0 < 30"", ""distinct tokens 0 < 20"", ""active days 1 < 7"", ""total PnL -119.62 USD not positive"", ""losing episodes 1 < 5 (profit factor not meaningful)"", ""profit factor 0.00 < 1.2"", ""single token share null bps""], ""total_pnl_usd"": ""-119.6239235990806762530792"", ""closed_episodes"": 0}",3,25,"{""BUY"": 6, ""SELL"": 3, ""BASE_ONLY"": 10, ""NO_CHANGE"": 7, ""UNSUPPORTED"": 2, ""TRANSFER_OUT"": 3}",0,"{""signature_scan_id"": ""22"", ""cached_transactions"": 31}",0,0.000,-5.71,extractor v1; balance-normalizer v1,2,3vxnPTab18qEBrZzSbgpcZyTa6UU7rBwm8XtX5zuTVWX,1,0,"[""closed episodes 0 < 30"", ""distinct tokens 0 < 20"", ""active days 1 < 7"", ""total PnL -5.71 USD not positive"", ""losing episodes 1 < 5 (profit factor not meaningful)"", ""profit factor 0.00 < 1.2"", ""single token share null bps""]",1,0,"binance-1m-open:SOLUSDT,USDCUSDT;USDT=USD parity;v1",False,observed_buyer,True,0.002528,9,0.00,6,-5.71,2,9,6,"[""PARSER_UNSUPPORTED"", ""UNKNOWN_COST_BASIS"", ""INSUFFICIENT_SAMPLE"", ""NEGATIVE_PNL"", ""LOW_PF"", ""RISK_OR_COPYABILITY_FAIL""]",0,495.48,0,0,0,2026-09-28T15:32:12.000Z,2026-09-28T13:16:13.000Z,2026-09-28T12:17:33.000Z,True,0.000000,31,"[""98sMhvDwXj1RQi5c5Mndm3vPe9cBqPrbLaufMXFNMh5g""]",PARSER_UNSUPPORTED,1,2026-08-29T15:32:12.000Z,2026-09-28T12:22:00.234Z,,-232.32,31,0.00,2,2,3,,0.00,
"{""status"": ""REJECTED"", ""reasons"": [""closed episodes 0 < 30"", ""distinct tokens 0 < 20"", ""coverage 7906 bps < 9000"", ""total PnL -53405.58 USD not positive"", ""losing episodes 2 < 5 (profit factor not meaningful)"", ""profit factor 0.00 < 1.2"", ""single token share null bps""], ""total_pnl_usd"": ""-53405.579361739850610036392763"", ""closed_episodes"": 0}",8,0,"{""BUY"": 40, ""SELL"": 2, ""BASE_ONLY"": 29, ""NO_CHANGE"": 3, ""TRANSFER_IN"": 7, ""UNSUPPORTED"": 44, ""TRANSFER_OUT"": 1}",0,"{""signature_scan_id"": ""30"", ""cached_transactions"": 126}",0,,26639.60,extractor v1; balance-normalizer v1,44,4DPFE8kDAJvCnEcfhCtPHxU2MhvFrg9Em6UDwE1ggLbS,8,0,"[""closed episodes 0 < 30"", ""distinct tokens 0 < 20"", ""losing episodes 0 < 5 (profit factor not meaningful)"", ""profit factor n/a < 1.2"", ""single token share 9989 bps""]",0,2,"binance-1m-open:SOLUSDT,USDCUSDT;USDT=USD parity;v1",False,observed_buyer,True,0.023907,42,0.00,169,26639.60,2,42,169,"[""PARSER_UNSUPPORTED"", ""INSUFFICIENT_SAMPLE"", ""LOW_PF"", ""RISK_OR_COPYABILITY_FAIL""]",2,55170.56,5,0,0,2026-09-28T13:49:11.000Z,2026-09-28T12:22:30.000Z,2026-09-10T17:21:54.000Z,True,0.009859,128,"[""6GmAFSYs4gk3FDao5FzzySQpPZaWsa4rUJHacpMpUNgx""]",PARSER_UNSUPPORTED,0,2026-08-29T13:49:11.000Z,2026-09-28T12:22:00.234Z,9989,-54822.51,126,31.63,44,1,0,,26607.98,0.9988
"{""status"": ""REJECTED"", ""reasons"": [""closed episodes 0 < 30"", ""distinct tokens 0 < 20"", ""active days 1 < 7"", ""total PnL -89.96 USD not positive"", ""losing episodes 2 < 5 (profit factor not meaningful)"", ""profit factor 0.00 < 1.2"", ""single token share null bps""], ""total_pnl_usd"": ""-89.960433786601350345004"", ""closed_episodes"": 0}",0,14,"{""BUY"": 6, ""BASE_ONLY"": 6, ""NO_CHANGE"": 4, ""UNSUPPORTED"": 4}",0,"{""signature_scan_id"": ""27"", ""cached_transactions"": 20}",0,0.000,-11.23,extractor v1; balance-normalizer v1,4,4bVjcZxauUbwtJDWttSjwGfGPEUqGERXm3rGjnaqR3hq,2,0,"[""closed episodes 0 < 30"", ""distinct tokens 0 < 20"", ""active days 2 < 7"", ""total PnL -11.23 USD not positive"", ""losing episodes 3 < 5 (profit factor not meaningful)"", ""profit factor 0.00 < 1.2"", ""single token share null bps""]",3,0,"binance-1m-open:SOLUSDT,USDCUSDT;USDT=USD parity;v1",False,observed_buyer,True,0.000281,6,0.00,6,-11.23,3,6,6,"[""PARSER_UNSUPPORTED"", ""INSUFFICIENT_SAMPLE"", ""NEGATIVE_PNL"", ""LOW_PF"", ""RISK_OR_COPYABILITY_FAIL""]",0,220.85,0,0,0,2026-09-28T15:32:12.000Z,2026-09-28T12:34:16.000Z,2026-09-27T21:03:13.000Z,True,0.010516,20,"[""XsoCS1TfEyfFhfvj8EtZ528L3CaKBDBRqRapnBbDF2W""]",PARSER_UNSUPPORTED,0,2026-08-29T15:32:12.000Z,2026-09-28T12:22:00.234Z,,-220.85,20,-11.06,4,0,0,,-10.64,
"{""status"": ""REJECTED"", ""reasons"": [""closed episodes 4 < 30"", ""distinct tokens 3 < 20"", ""active days 5 < 7"", ""total PnL -58.30 USD not positive"", ""profit factor 0.12 < 1.2"", ""single token share 8844 bps""], ""total_pnl_usd"": ""-58.29746938108545957355718"", ""closed_episodes"": 4}",1,0,"{""BUY"": 7, ""SELL"": 5, ""BASE_ONLY"": 50, ""TRANSFER_IN"": 1, ""UNSUPPORTED"": 3}",0,"{""signature_scan_id"": ""33"", ""cached_transactions"": 66}",0,0.064,-54.19,extractor v1; balance-normalizer v1,3,4eGfT6Dh34WzXQXdbe3LGm4EEXfgjGUcRgTRf7keVQSw,5,2,"[""closed episodes 2 < 30"", ""distinct tokens 2 < 20"", ""active days 5 < 7"", ""total PnL -54.19 USD not positive"", ""losing episodes 3 < 5 (profit factor not meaningful)"", ""profit factor 0.06 < 1.2"", ""single token share 10000 bps""]",3,1,"binance-1m-open:SOLUSDT,USDCUSDT;USDT=USD parity;v1",False,observed_buyer,True,0.002378,12,-52.01,80,-2.18,4,12,80,"[""PARSER_UNSUPPORTED"", ""INSUFFICIENT_SAMPLE"", ""NEGATIVE_PNL"", ""LOW_PF"", ""RISK_OR_COPYABILITY_FAIL""]",2,1642.52,1,2,0,2026-09-28T13:49:11.000Z,2026-09-28T12:19:24.000Z,2026-08-29T08:39:43.000Z,True,0.008190,68,"[""Ai66LHZG9MCzg1WKdawwqduVAXpNDUuV8M3uyq5ppump""]",PARSER_UNSUPPORTED,0,2026-08-29T13:49:11.000Z,2026-09-28T12:22:00.234Z,10000,-400.10,66,-57.88,3,2,0,200.04,-48.31,1.0000
"{""status"": ""REJECTED"", ""reasons"": [""closed episodes 17 < 30"", ""distinct tokens 10 < 20"", ""coverage 8478 bps < 9000"", ""total PnL -1238.09 USD not positive"", ""profit factor 0.14 < 1.2"", ""single token share 4116 bps""], ""total_pnl_usd"": ""-1238.08522999957565614202659"", ""closed_episodes"": 17}",31,0,"{""BUY"": 95, ""SELL"": 88, ""BASE_ONLY"": 95, ""NO_CHANGE"": 3, ""TRANSFER_IN"": 12, ""UNSUPPORTED"": 36, ""TRANSFER_OUT"": 19}",0,"{""signature_scan_id"": ""47"", ""cached_transactions"": 348}",0,0.435,-277.68,extractor v1; balance-normalizer v1,36,5MbC9o2pjDDPWTHdwueHeirjygSafUQZDAdwDr8963RS,15,33,"[""distinct tokens 15 < 20"", ""total PnL -277.68 USD not positive"", ""profit factor 0.44 < 1.2"", ""single token share 4224 bps""]",26,1,"binance-1m-open:SOLUSDT,USDCUSDT;USDT=USD parity;v1",False,observed_buyer,True,0.102805,183,-332.99,469,55.31,50,183,469,"[""PARSER_UNSUPPORTED"", ""UNKNOWN_COST_BASIS"", ""INSUFFICIENT_SAMPLE"", ""NEGATIVE_PNL"", ""LOW_PF"", ""RISK_OR_COPYABILITY_FAIL""]",30,7805.41,11,15,0,2026-09-28T13:49:11.000Z,2026-09-28T12:20:23.000Z,2026-08-28T05:04:13.000Z,True,-0.003475,378,"[""CbcyNo7m1amFWqEQm2m4PLv1UNvpcL3C1Ujm6AkzpKoU""]",PARSER_UNSUPPORTED,11,2026-08-29T13:49:11.000Z,2026-09-28T12:22:00.234Z,4224,-124.22,348,-363.58,36,6,16,85.15,-363.58,0.3337
"{""status"": ""REJECTED"", ""reasons"": [""closed episodes 0 < 30"", ""distinct tokens 0 < 20"", ""active days 0 < 7"", ""coverage 0 bps < 9000"", ""total PnL 0.00 USD not positive"", ""losing episodes 0 < 5 (profit factor not meaningful)"", ""profit factor n/a < 1.2"", ""single token share null bps"", ""history truncated or unavailable (coverage unknown)""], ""total_pnl_usd"": ""0"", ""closed_episodes"": 0}",34,750,"{""BUY"": 314, ""SELL"": 120, ""BASE_ONLY"": 105, ""NO_CHANGE"": 238, ""TRANSFER_IN"": 33, ""UNSUPPORTED"": 174, ""TRANSFER_OUT"": 1}",0,"{""signature_scan_id"": ""49"", ""cached_transactions"": 985}",0,2.183,431.78,extractor v1; balance-normalizer v1,174,5XDgCHK5GrvC1vR8UEtBYQep6kYw56TVj69FmxuiMRbs,17,58,"[""single token share 5336 bps""]",50,0,"binance-1m-open:SOLUSDT,USDCUSDT;USDT=USD parity;v1",False,observed_buyer,True,0.051175,434,443.76,323,-11.99,99,434,323,"[""PARSER_UNSUPPORTED"", ""UNKNOWN_COST_BASIS"", ""RISK_OR_COPYABILITY_FAIL""]",100,9439.03,3,47,0,2026-09-28T15:32:12.000Z,2026-09-28T13:49:33.000Z,2026-08-28T14:41:04.000Z,True,-0.040066,1085,"[""4k3Dyjzvzp8eMZWUXbBCjEvwSkkk59S5iCNLY3QrkX6R""]",PARSER_UNSUPPORTED,23,2026-08-29T15:32:12.000Z,2026-09-28T12:12:19.173Z,5336,-1148.17,985,6.67,174,8,29,25.73,452.70,0.5335
"{""status"": ""REJECTED"", ""reasons"": [""closed episodes 0 < 30"", ""distinct tokens 0 < 20"", ""active days 0 < 7"", ""coverage 0 bps < 9000"", ""total PnL 0.00 USD not positive"", ""losing episodes 0 < 5 (profit factor not meaningful)"", ""profit factor n/a < 1.2"", ""single token share null bps"", ""history truncated or unavailable (coverage unknown)""], ""total_pnl_usd"": ""0"", ""closed_episodes"": 0}",3,0,"{""BUY"": 100, ""SELL"": 52, ""BASE_ONLY"": 706, ""UNSUPPORTED"": 56, ""TRANSFER_OUT"": 3}",0,"{""signature_scan_id"": ""51"", ""cached_transactions"": 917}",0,1.076,5.28,extractor v1; balance-normalizer v1,56,62hpUjMhmmJYZU4VfryF1Yc8DwmbUdCgchxGo9XtU3DH,26,21,"[""closed episodes 21 < 30"", ""distinct tokens 14 < 20"", ""profit factor 1.08 < 1.2""]",29,2,"binance-1m-open:SOLUSDT,USDCUSDT;USDT=USD parity;v1",False,observed_buyer,True,0.021612,152,13.54,1250,-8.26,43,152,1250,"[""PARSER_UNSUPPORTED"", ""INSUFFICIENT_SAMPLE"", ""LOW_PF""]",618,927.12,0,14,0,2026-09-28T13:49:11.000Z,2026-09-28T13:44:41.000Z,2026-08-29T05:24:37.000Z,True,0.008196,1535,"[""CbcyNo7m1amFWqEQm2m4PLv1UNvpcL3C1Ujm6AkzpKoU""]",PARSER_UNSUPPORTED,1,2026-08-29T13:49:11.000Z,2026-09-28T12:12:19.173Z,3568,-177.19,917,-21.50,56,8,3,7.21,-1.59,0.3505
"{""status"": ""REJECTED"", ""reasons"": [""closed episodes 0 < 30"", ""distinct tokens 0 < 20"", ""active days 1 < 7"", ""total PnL -0.54 USD not positive"", ""losing episodes 1 < 5 (profit factor not meaningful)"", ""profit factor 0.00 < 1.2"", ""single token share null bps""], ""total_pnl_usd"": ""-0.5448599435899568725"", ""closed_episodes"": 0}",0,0,"{""BUY"": 2, ""BASE_ONLY"": 2, ""UNSUPPORTED"": 2}",0,"{""signature_scan_id"": ""55"", ""cached_transactions"": 6}",0,,1.37,extractor v1; balance-normalizer v1,2,6d6MyJ8iPeoQQ1RLqjq5YkZLgiaDWBnYdSA2sDCfFwd6,1,0,"[""closed episodes 0 < 30"", ""distinct tokens 0 < 20"", ""active days 1 < 7"", ""losing episodes 0 < 5 (profit factor not meaningful)"", ""profit factor n/a < 1.2"", ""single token share 10000 bps""]",0,2,"binance-1m-open:SOLUSDT,USDCUSDT;USDT=USD parity;v1",False,observed_buyer,True,0.000020,2,0.00,7,1.37,1,2,7,"[""PARSER_UNSUPPORTED"", ""INSUFFICIENT_SAMPLE"", ""LOW_PF"", ""RISK_OR_COPYABILITY_FAIL""]",0,1168.89,0,0,0,2026-09-28T13:49:11.000Z,2026-09-28T12:22:12.000Z,2026-09-28T12:21:29.000Z,True,-0.005954,6,"[""cbbtcf3aa214zXHbiAZQwf4122FBYbraNdFqgw4iMij""]",PARSER_UNSUPPORTED,0,2026-08-29T13:49:11.000Z,2026-09-28T12:22:00.234Z,10000,-1168.89,6,0.00,2,0,0,,0.00,1.0000
"{""status"": ""REJECTED"", ""reasons"": [""closed episodes 0 < 30"", ""distinct tokens 0 < 20"", ""active days 0 < 7"", ""coverage 0 bps < 9000"", ""total PnL 0.00 USD not positive"", ""losing episodes 0 < 5 (profit factor not meaningful)"", ""profit factor n/a < 1.2"", ""single token share null bps"", ""history truncated or unavailable (coverage unknown)""], ""total_pnl_usd"": ""0"", ""closed_episodes"": 0}",11,0,"{""BUY"": 3, ""SELL"": 1, ""BASE_ONLY"": 13, ""UNSUPPORTED"": 8, ""TRANSFER_OUT"": 11}",0,"{""signature_scan_id"": ""64"", ""cached_transactions"": 36}",0,0.885,-0.17,extractor v1; balance-normalizer v1,8,6xFXAETA4dBXXri37xrz4t6UpMzs2Vxjqy3qoQgudHh6,4,0,"[""closed episodes 0 < 30"", ""distinct tokens 0 < 20"", ""active days 4 < 7"", ""total PnL -0.17 USD not positive"", ""losing episodes 1 < 5 (profit factor not meaningful)"", ""profit factor 0.89 < 1.2"", ""single token share 10000 bps""]",1,1,"binance-1m-open:SOLUSDT,USDCUSDT;USDT=USD parity;v1",False,observed_buyer,True,0.004728,4,0.00,36,-0.17,3,4,36,"[""PARSER_UNSUPPORTED"", ""UNKNOWN_COST_BASIS"", ""INSUFFICIENT_SAMPLE"", ""NEGATIVE_PNL"", ""LOW_PF"", ""RISK_OR_COPYABILITY_FAIL""]",0,492.68,0,0,0,2026-09-28T13:49:11.000Z,2026-09-28T12:16:19.000Z,2026-08-25T08:14:08.000Z,True,0.012780,36,"[""3ZLekZYq2qkZiSpnSvabjit34tUkjSwD1JFuW9as9wBG""]",PARSER_UNSUPPORTED,1,2026-08-29T13:49:11.000Z,2026-09-28T12:12:19.173Z,10000,-407.78,36,-1.50,8,0,11,,1.33,1.0000
"{""status"": ""REJECTED"", ""reasons"": [""closed episodes 2 < 30"", ""distinct tokens 2 < 20"", ""coverage 3833 bps < 9000"", ""losing episodes 3 < 5 (profit factor not meaningful)"", ""single token share 9706 bps""], ""total_pnl_usd"": ""2549.1841151763950399609549441"", ""closed_episodes"": 2}",15,313,"{""BUY"": 9, ""SELL"": 18, ""BASE_ONLY"": 235, ""TRANSFER_IN"": 15, ""UNSUPPORTED"": 37}",0,"{""signature_scan_id"": ""67"", ""cached_transactions"": 314}",0,1.714,1030.14,extractor v1; balance-normalizer v1,37,744C47UEZ93Cg1PPnJoMxQ2HurL8rGYVoxr8sPLxpAr8,6,2,"[""closed episodes 2 < 30"", ""distinct tokens 2 < 20"", ""active days 6 < 7"", ""losing episodes 3 < 5 (profit factor not meaningful)"", ""single token share 9705 bps""]",3,0,"binance-1m-open:SOLUSDT,USDCUSDT;USDT=USD parity;v1",False,observed_buyer,True,0.005635,27,2472.47,1,-1442.33,6,27,1,"[""PARSER_UNSUPPORTED"", ""INSUFFICIENT_SAMPLE"", ""RISK_OR_COPYABILITY_FAIL""]",170,25090.30,2,2,0,2026-09-28T15:32:12.000Z,2026-09-28T13:48:01.000Z,2026-08-03T12:31:18.000Z,True,0.012095,484,"[""3iUTyNYW6xKv5kZUjtbrEDTsuJTrSVwvB3bQtxkLpump""]",PARSER_UNSUPPORTED,1,2026-08-29T15:32:12.000Z,2026-09-28T12:22:00.234Z,9705,-5942.97,314,-1285.23,37,5,1,592.50,2309.01,0.9705
"{""status"": ""REJECTED"", ""reasons"": [""closed episodes 0 < 30"", ""distinct tokens 0 < 20"", ""active days 0 < 7"", ""coverage 0 bps < 9000"", ""total PnL 0.00 USD not positive"", ""losing episodes 0 < 5 (profit factor not meaningful)"", ""profit factor n/a < 1.2"", ""single token share null bps"", ""history truncated or unavailable (coverage unknown)""], ""total_pnl_usd"": ""0"", ""closed_episodes"": 0}",7,0,"{""BUY"": 22, ""SELL"": 16, ""BASE_ONLY"": 50, ""NO_CHANGE"": 1, ""TRANSFER_IN"": 5, ""UNSUPPORTED"": 54, ""TRANSFER_OUT"": 2}",0,"{""signature_scan_id"": ""78"", ""cached_transactions"": 150}",0,39.496,48.52,extractor v1; balance-normalizer v1,54,7TsM9AwgVau7U5ywVxytyRkF94vKYHmwcmX2uWmE2tD9,3,1,"[""closed episodes 1 < 30"", ""distinct tokens 1 < 20"", ""active days 3 < 7"", ""losing episodes 1 < 5 (profit factor not meaningful)"", ""single token share 10000 bps""]",1,1,"binance-1m-open:SOLUSDT,USDCUSDT;USDT=USD parity;v1",False,observed_buyer,True,0.006012,38,49.78,196,-1.26,4,38,196,"[""PARSER_UNSUPPORTED"", ""UNKNOWN_COST_BASIS"", ""INSUFFICIENT_SAMPLE"", ""RISK_OR_COPYABILITY_FAIL""]",4,8055.03,1,1,0,2026-09-28T13:49:11.000Z,2026-09-28T12:07:57.000Z,2026-08-21T08:54:25.000Z,True,0.004542,154,"[""CbcyNo7m1amFWqEQm2m4PLv1UNvpcL3C1Ujm6AkzpKoU""]",PARSER_UNSUPPORTED,2,2026-08-29T13:49:11.000Z,2026-09-28T12:06:53.638Z,10000,-711.72,150,-1.26,54,2,6,241.78,49.78,1.0000
"{""status"": ""REJECTED"", ""reasons"": [""closed episodes 0 < 30"", ""distinct tokens 0 < 20"", ""active days 0 < 7"", ""coverage 0 bps < 9000"", ""total PnL 0.00 USD not positive"", ""losing episodes 0 < 5 (profit factor not meaningful)"", ""profit factor n/a < 1.2"", ""single token share null bps"", ""history truncated or unavailable (coverage unknown)""], ""total_pnl_usd"": ""0"", ""closed_episodes"": 0}",2,0,"{""BUY"": 5, ""SELL"": 1, ""BASE_ONLY"": 7, ""NO_CHANGE"": 2, ""TRANSFER_IN"": 2, ""UNSUPPORTED"": 3}",0,"{""signature_scan_id"": ""77"", ""cached_transactions"": 20}",0,4.780,191.48,extractor v1; balance-normalizer v1,3,7s52i8nC3KGqTRW2sqehVBVDMbeH4j6nnjeRY9CX5wx3,4,1,"[""closed episodes 1 < 30"", ""distinct tokens 1 < 20"", ""active days 4 < 7"", ""losing episodes 1 < 5 (profit factor not meaningful)"", ""single token share 9524 bps""]",1,1,"binance-1m-open:SOLUSDT,USDCUSDT;USDT=USD parity;v1",False,observed_buyer,True,0.005181,6,-50.66,20,242.14,4,6,20,"[""PARSER_UNSUPPORTED"", ""INSUFFICIENT_SAMPLE"", ""RISK_OR_COPYABILITY_FAIL""]",0,2798.24,2,1,0,2026-09-28T13:49:11.000Z,2026-09-28T12:11:26.000Z,2026-08-21T15:16:14.000Z,True,0.003048,20,"[""6GmAFSYs4gk3FDao5FzzySQpPZaWsa4rUJHacpMpUNgx""]",PARSER_UNSUPPORTED,0,2026-08-29T13:49:11.000Z,2026-09-28T12:12:19.173Z,9524,-2068.71,20,-39.11,3,0,0,390.09,235.66,0.9523
"{""status"": ""REJECTED"", ""reasons"": [""closed episodes 0 < 30"", ""distinct tokens 0 < 20"", ""active days 5 < 7"", ""coverage 8888 bps < 9000"", ""total PnL -1.38 USD not positive"", ""losing episodes 1 < 5 (profit factor not meaningful)"", ""profit factor 0.00 < 1.2"", ""single token share null bps""], ""total_pnl_usd"": ""-1.382574471912682262729324"", ""closed_episodes"": 0}",2,82,"{""BUY"": 1, ""SELL"": 10, ""BASE_ONLY"": 53, ""TRANSFER_IN"": 1, ""UNSUPPORTED"": 17, ""TRANSFER_OUT"": 1}",0,"{""signature_scan_id"": ""80"", ""cached_transactions"": 83}",0,0.000,-14.65,extractor v1; balance-normalizer v1,17,7yQYGhwkLXBrPN5bmp67N2MB9A2m9CQE88RpdYwMRzBJ,5,0,"[""closed episodes 0 < 30"", ""distinct tokens 0 < 20"", ""active days 5 < 7"", ""total PnL -14.65 USD not positive"", ""losing episodes 1 < 5 (profit factor not meaningful)"", ""profit factor 0.00 < 1.2"", ""single token share null bps""]",1,0,"binance-1m-open:SOLUSDT,USDCUSDT;USDT=USD parity;v1",False,observed_buyer,True,0.020365,11,0.00,1,-14.65,1,11,1,"[""PARSER_UNSUPPORTED"", ""INSUFFICIENT_SAMPLE"", ""NEGATIVE_PNL"", ""LOW_PF"", ""RISK_OR_COPYABILITY_FAIL""]",0,318.62,1,0,0,2026-09-28T15:32:12.000Z,2026-09-28T12:18:45.000Z,2026-05-06T08:04:22.000Z,True,0.012243,83,"[""BPxxfRCXkUVhig4HS1Lh7kZqV6SPJhzfEk4x6fVBjPCy""]",PARSER_UNSUPPORTED,0,2026-08-29T15:32:12.000Z,2026-09-28T12:22:00.234Z,,-195.80,83,0.00,17,8,1,,0.00,
"{""status"": ""REJECTED"", ""reasons"": [""closed episodes 0 < 30"", ""distinct tokens 0 < 20"", ""active days 1 < 7"", ""coverage 3333 bps < 9000"", ""total PnL -78.01 USD not positive"", ""losing episodes 1 < 5 (profit factor not meaningful)"", ""profit factor 0.00 < 1.2"", ""single token share null bps""], ""total_pnl_usd"": ""-78.010232200194289962978752"", ""closed_episodes"": 0}",0,0,"{""BUY"": 1, ""SELL"": 1, ""BASE_ONLY"": 12, ""UNSUPPORTED"": 2}",0,"{""signature_scan_id"": ""81"", ""cached_transactions"": 16}",0,0.000,-0.87,extractor v1; balance-normalizer v1,2,836v4Agpjn82yXuGPw7ejs6bj3mBfvRF5QFZ8MsPEGUs,1,0,"[""closed episodes 0 < 30"", ""distinct tokens 0 < 20"", ""active days 1 < 7"", ""total PnL -0.87 USD not positive"", ""losing episodes 1 < 5 (profit factor not meaningful)"", ""profit factor 0.00 < 1.2"", ""single token share null bps""]",1,2,"binance-1m-open:SOLUSDT,USDCUSDT;USDT=USD parity;v1",False,observed_buyer,True,0.000073,2,0.00,16,-0.87,1,2,16,"[""PARSER_UNSUPPORTED"", ""INSUFFICIENT_SAMPLE"", ""NEGATIVE_PNL"", ""LOW_PF"", ""RISK_OR_COPYABILITY_FAIL""]",0,83.11,0,0,0,2026-09-28T13:49:11.000Z,2026-09-28T12:22:20.000Z,2026-09-28T12:19:02.000Z,True,0.003063,16,"[""6GmAFSYs4gk3FDao5FzzySQpPZaWsa4rUJHacpMpUNgx""]",PARSER_UNSUPPORTED,0,2026-08-29T13:49:11.000Z,2026-09-28T12:22:00.234Z,,-72.10,16,0.00,2,0,0,,0.00,
"{""status"": ""REJECTED"", ""reasons"": [""closed episodes 0 < 30"", ""distinct tokens 0 < 20"", ""active days 2 < 7"", ""coverage 8750 bps < 9000"", ""total PnL -0.46 USD not positive"", ""losing episodes 1 < 5 (profit factor not meaningful)"", ""profit factor 0.00 < 1.2"", ""single token share null bps""], ""total_pnl_usd"": ""-0.462139999579936610750361"", ""closed_episodes"": 0}",0,0,"{""BUY"": 2, ""SELL"": 6, ""BASE_ONLY"": 4, ""NO_CHANGE"": 1, ""UNSUPPORTED"": 12}",0,"{""signature_scan_id"": ""82"", ""cached_transactions"": 25}",0,0.000,-26.80,extractor v1; balance-normalizer v1,12,86vP1L6bjZ6XwcV8V4fUtSfrpcu8nCkxUDDtLyjDdgBz,2,0,"[""closed episodes 0 < 30"", ""distinct tokens 0 < 20"", ""active days 2 < 7"", ""total PnL -26.80 USD not positive"", ""losing episodes 1 < 5 (profit factor not meaningful)"", ""profit factor 0.00 < 1.2"", ""single token share null bps""]",1,1,"binance-1m-open:SOLUSDT,USDCUSDT;USDT=USD parity;v1",False,observed_buyer,True,0.001702,8,0.00,25,-26.80,1,8,25,"[""PARSER_UNSUPPORTED"", ""INSUFFICIENT_SAMPLE"", ""NEGATIVE_PNL"", ""LOW_PF"", ""RISK_OR_COPYABILITY_FAIL""]",0,1044.49,0,0,0,2026-09-28T13:49:11.000Z,2026-09-28T12:28:34.000Z,2026-08-07T12:38:18.000Z,True,0.001856,25,"[""6GmAFSYs4gk3FDao5FzzySQpPZaWsa4rUJHacpMpUNgx""]",PARSER_UNSUPPORTED,0,2026-08-29T13:49:11.000Z,2026-09-28T12:22:00.234Z,,-232.51,25,0.00,12,5,0,,0.00,
"{""status"": ""REJECTED"", ""reasons"": [""closed episodes 0 < 30"", ""distinct tokens 0 < 20"", ""active days 1 < 7"", ""losing episodes 0 < 5 (profit factor not meaningful)"", ""profit factor n/a < 1.2"", ""single token share 10000 bps""], ""total_pnl_usd"": ""36.18239712093858731406249813"", ""closed_episodes"": 0}",0,30,"{""BUY"": 91, ""BASE_ONLY"": 9, ""UNSUPPORTED"": 34}",0,"{""signature_scan_id"": ""83"", ""cached_transactions"": 134}",0,0.000,-1606.43,extractor v1; balance-normalizer v1,34,87VhR3FPf1YANpXiBDqZfKEZcdAFzLaJkWTg8HUDU5Mr,1,0,"[""closed episodes 0 < 30"", ""distinct tokens 0 < 20"", ""active days 1 < 7"", ""total PnL -1606.43 USD not positive"", ""losing episodes 1 < 5 (profit factor not meaningful)"", ""profit factor 0.00 < 1.2"", ""single token share null bps""]",1,0,"binance-1m-open:SOLUSDT,USDCUSDT;USDT=USD parity;v1",False,observed_buyer,True,0.000643,91,0.00,126,-1606.43,1,91,126,"[""PARSER_UNSUPPORTED"", ""INSUFFICIENT_SAMPLE"", ""NEGATIVE_PNL"", ""LOW_PF"", ""RISK_OR_COPYABILITY_FAIL""]",33,46551.94,0,0,0,2026-09-28T15:32:12.000Z,2026-09-28T13:49:00.000Z,2026-09-28T10:42:29.000Z,True,0.002977,167,"[""6GmAFSYs4gk3FDao5FzzySQpPZaWsa4rUJHacpMpUNgx""]",PARSER_UNSUPPORTED,0,2026-08-29T15:32:12.000Z,2026-09-28T12:06:53.638Z,,-46551.94,134,0.00,34,0,0,,0.00,
"{""status"": ""REJECTED"", ""reasons"": [""closed episodes 0 < 30"", ""distinct tokens 0 < 20"", ""active days 0 < 7"", ""coverage 0 bps < 9000"", ""total PnL 0.00 USD not positive"", ""losing episodes 0 < 5 (profit factor not meaningful)"", ""profit factor n/a < 1.2"", ""single token share null bps"", ""history truncated or unavailable (coverage unknown)""], ""total_pnl_usd"": ""0"", ""closed_episodes"": 0}",11,227,"{""BUY"": 4, ""BASE_ONLY"": 180, ""NO_CHANGE"": 25, ""TRANSFER_IN"": 4, ""UNSUPPORTED"": 8, ""TRANSFER_OUT"": 7}",0,"{""signature_scan_id"": ""90"", ""cached_transactions"": 228}",0,,0.00,extractor v1; balance-normalizer v1,8,8KjqqZgLvFSD5gDvdDmSLaAAesj3M6E21JRpo39NYKkQ,3,0,"[""closed episodes 0 < 30"", ""distinct tokens 0 < 20"", ""active days 3 < 7"", ""total PnL 0.00 USD not positive"", ""losing episodes 0 < 5 (profit factor not meaningful)"", ""profit factor n/a < 1.2"", ""single token share null bps""]",0,0,"binance-1m-open:SOLUSDT,USDCUSDT;USDT=USD parity;v1",False,observed_buyer,True,0.005087,4,0.00,1,0.00,4,4,1,"[""PARSER_UNSUPPORTED"", ""UNKNOWN_COST_BASIS"", ""INSUFFICIENT_SAMPLE"", ""NEGATIVE_PNL"", ""LOW_PF"", ""RISK_OR_COPYABILITY_FAIL""]",3,530.95,2,0,0,2026-09-28T15:32:12.000Z,2026-09-28T12:08:20.000Z,2026-08-27T12:26:55.000Z,True,-0.013143,231,"[""BPxxfRCXkUVhig4HS1Lh7kZqV6SPJhzfEk4x6fVBjPCy""]",PARSER_UNSUPPORTED,4,2026-08-29T15:32:12.000Z,2026-09-28T12:06:53.638Z,,0.00,228,0.00,8,0,8,,0.00,
"{""status"": ""REJECTED"", ""reasons"": [""closed episodes 6 < 30"", ""distinct tokens 1 < 20"", ""active days 2 < 7"", ""losing episodes 1 < 5 (profit factor not meaningful)"", ""single token share 10000 bps""], ""total_pnl_usd"": ""3.268116960827219179243553"", ""closed_episodes"": 6}",16,0,"{""BUY"": 36, ""SELL"": 51, ""BASE_ONLY"": 6, ""NO_CHANGE"": 1, ""TRANSFER_IN"": 8, ""UNSUPPORTED"": 109, ""TRANSFER_OUT"": 8}",0,"{""signature_scan_id"": ""107"", ""cached_transactions"": 219}",0,7.818,7.60,extractor v1; balance-normalizer v1,109,9HLAWFtkQPPcSdNCjjUTVnjddXjpGwS7PDHnVifD6Cv,2,8,"[""closed episodes 8 < 30"", ""distinct tokens 1 < 20"", ""active days 2 < 7"", ""losing episodes 1 < 5 (profit factor not meaningful)"", ""single token share 10000 bps""]",1,2,"binance-1m-open:SOLUSDT,USDCUSDT;USDT=USD parity;v1",False,observed_buyer,True,0.004651,87,7.39,294,0.21,10,87,294,"[""PARSER_UNSUPPORTED"", ""INSUFFICIENT_SAMPLE"", ""RISK_OR_COPYABILITY_FAIL""]",27,185.99,0,1,1,2026-09-28T13:49:11.000Z,2026-09-28T12:11:59.000Z,2026-09-27T16:07:31.000Z,True,0.004577,246,"[""BPxxfRCXkUVhig4HS1Lh7kZqV6SPJhzfEk4x6fVBjPCy""]",PARSER_UNSUPPORTED,1,2026-08-29T13:49:11.000Z,2026-09-28T12:12:19.173Z,10000,-7.87,219,0.00,109,1,16,4.63,0.00,0.4228
"{""status"": ""REJECTED"", ""reasons"": [""closed episodes 7 < 30"", ""distinct tokens 6 < 20"", ""coverage 6615 bps < 9000"", ""total PnL -629.56 USD not positive"", ""profit factor 0.00 < 1.2"", ""single token share 10000 bps""], ""total_pnl_usd"": ""-629.55737996185033040842831"", ""closed_episodes"": 7}",15,0,"{""BUY"": 30, ""SELL"": 27, ""BASE_ONLY"": 201, ""TRANSFER_IN"": 10, ""UNSUPPORTED"": 17, ""TRANSFER_OUT"": 5}",0,"{""signature_scan_id"": ""120"", ""cached_transactions"": 290}",0,0.005,-264.47,extractor v1; balance-normalizer v1,17,A2ZBf3thRpsJhZoLbmS78BnJK1Hy8EwiLBYidHQWBbXB,16,16,"[""closed episodes 16 < 30"", ""distinct tokens 14 < 20"", ""total PnL -264.47 USD not positive"", ""profit factor 0.00 < 1.2"", ""single token share 10000 bps""]",23,1,"binance-1m-open:SOLUSDT,USDCUSDT;USDT=USD parity;v1",False,observed_buyer,True,0.012211,57,-124.32,390,-140.15,28,57,390,"[""PARSER_UNSUPPORTED"", ""INSUFFICIENT_SAMPLE"", ""NEGATIVE_PNL"", ""LOW_PF"", ""RISK_OR_COPYABILITY_FAIL""]",125,975.59,4,14,0,2026-09-28T13:49:11.000Z,2026-09-28T12:19:26.000Z,2026-08-28T00:28:39.000Z,True,0.033700,415,"[""Ai66LHZG9MCzg1WKdawwqduVAXpNDUuV8M3uyq5ppump""]",PARSER_UNSUPPORTED,4,2026-08-29T13:49:11.000Z,2026-09-28T12:22:00.234Z,10000,-331.46,290,-264.46,17,9,8,16.81,-231.58,1.0000
"{""status"": ""REJECTED"", ""reasons"": [""closed episodes 10 < 30"", ""distinct tokens 9 < 20"", ""coverage 8275 bps < 9000"", ""total PnL -667.63 USD not positive"", ""profit factor 0.37 < 1.2"", ""single token share 6311 bps""], ""total_pnl_usd"": ""-667.632417143902866516634346"", ""closed_episodes"": 10}",10,0,"{""BUY"": 31, ""SELL"": 19, ""BASE_ONLY"": 109, ""NO_CHANGE"": 15, ""TRANSFER_IN"": 6, ""UNSUPPORTED"": 42, ""TRANSFER_OUT"": 4}",0,"{""signature_scan_id"": ""132"", ""cached_transactions"": 226}",0,0.024,-362.86,extractor v1; balance-normalizer v1,42,AW9g3PPF614wLxHf9UZnJp4VogvWRSk4e6zYcVTSBEf9,15,10,"[""closed episodes 10 < 30"", ""distinct tokens 10 < 20"", ""total PnL -362.86 USD not positive"", ""profit factor 0.02 < 1.2"", ""single token share 10000 bps""]",15,1,"binance-1m-open:SOLUSDT,USDCUSDT;USDT=USD parity;v1",False,observed_buyer,True,0.010023,50,-111.79,301,-251.07,20,50,301,"[""PARSER_UNSUPPORTED"", ""UNKNOWN_COST_BASIS"", ""INSUFFICIENT_SAMPLE"", ""NEGATIVE_PNL"", ""LOW_PF"", ""RISK_OR_COPYABILITY_FAIL""]",3,2687.61,2,10,0,2026-09-28T13:49:11.000Z,2026-09-28T12:22:09.000Z,2026-08-29T12:38:18.000Z,True,-0.165216,229,"[""BPxxfRCXkUVhig4HS1Lh7kZqV6SPJhzfEk4x6fVBjPCy""]",PARSER_UNSUPPORTED,4,2026-08-29T13:49:11.000Z,2026-09-28T12:22:00.234Z,10000,-570.80,226,-371.85,42,2,8,20.76,-360.34,1.0000
"{""status"": ""REJECTED"", ""reasons"": [""closed episodes 1 < 30"", ""distinct tokens 1 < 20"", ""active days 2 < 7"", ""coverage 5625 bps < 9000"", ""total PnL -19.40 USD not positive"", ""losing episodes 4 < 5 (profit factor not meaningful)"", ""profit factor 0.00 < 1.2"", ""single token share null bps""], ""total_pnl_usd"": ""-19.3959107575842218795206016"", ""closed_episodes"": 1}",6,3,"{""BUY"": 9, ""SELL"": 2, ""BASE_ONLY"": 3, ""UNSUPPORTED"": 10, ""TRANSFER_OUT"": 6}",0,"{""signature_scan_id"": ""123"", ""cached_transactions"": 30}",0,0.000,-7.29,extractor v1; balance-normalizer v1,10,Ab9UWqbbUJi1xSGYCSwUTRRep39tLMzzMdDStEzyvLfd,2,1,"[""closed episodes 1 < 30"", ""distinct tokens 1 < 20"", ""active days 2 < 7"", ""total PnL -7.29 USD not positive"", ""losing episodes 3 < 5 (profit factor not meaningful)"", ""profit factor 0.00 < 1.2"", ""single token share null bps""]",3,0,"binance-1m-open:SOLUSDT,USDCUSDT;USDT=USD parity;v1",False,observed_buyer,True,0.004026,11,-2.67,27,-4.62,7,11,27,"[""PARSER_UNSUPPORTED"", ""UNKNOWN_COST_BASIS"", ""INSUFFICIENT_SAMPLE"", ""NEGATIVE_PNL"", ""LOW_PF"", ""RISK_OR_COPYABILITY_FAIL""]",0,25.05,1,1,0,2026-09-28T15:32:12.000Z,2026-09-28T13:09:44.000Z,2026-09-27T22:12:27.000Z,True,0.006625,30,"[""Ai66LHZG9MCzg1WKdawwqduVAXpNDUuV8M3uyq5ppump""]",PARSER_UNSUPPORTED,4,2026-08-29T15:32:12.000Z,2026-09-28T12:22:00.234Z,,-9.26,30,-5.61,10,1,5,3.29,-1.68,
"{""status"": ""REJECTED"", ""reasons"": [""closed episodes 1 < 30"", ""distinct tokens 1 < 20"", ""active days 5 < 7"", ""total PnL -262.77 USD not positive"", ""losing episodes 1 < 5 (profit factor not meaningful)"", ""profit factor 0.10 < 1.2"", ""single token share 10000 bps""], ""total_pnl_usd"": ""-262.77393389618321678896757"", ""closed_episodes"": 1}",0,0,"{""BUY"": 6, ""SELL"": 2, ""BASE_ONLY"": 642, ""UNSUPPORTED"": 1}",0,"{""signature_scan_id"": ""124"", ""cached_transactions"": 651}",0,8.189,332.41,extractor v1; balance-normalizer v1,1,AbmC2AVUmrYUmfkh1z9V9WKWC6zU8EZ3rGkADtDrY3kw,4,1,"[""closed episodes 1 < 30"", ""distinct tokens 1 < 20"", ""active days 4 < 7"", ""losing episodes 1 < 5 (profit factor not meaningful)"", ""single token share 10000 bps""]",1,2,"binance-1m-open:SOLUSDT,USDCUSDT;USDT=USD parity;v1",False,observed_buyer,True,0.001842,8,378.65,886,-46.24,2,8,886,"[""PARSER_UNSUPPORTED"", ""INSUFFICIENT_SAMPLE"", ""RISK_OR_COPYABILITY_FAIL""]",637,2669.67,0,1,0,2026-09-28T13:49:11.000Z,2026-09-28T12:32:26.000Z,2026-08-19T15:08:51.000Z,True,-0.000525,1288,"[""CbcyNo7m1amFWqEQm2m4PLv1UNvpcL3C1Ujm6AkzpKoU""]",PARSER_UNSUPPORTED,0,2026-08-29T13:49:11.000Z,2026-09-28T12:22:00.234Z,10000,-240.04,651,-46.24,1,1,0,684.71,378.65,1.0000
"{""status"": ""REJECTED"", ""reasons"": [""closed episodes 0 < 30"", ""distinct tokens 0 < 20"", ""losing episodes 1 < 5 (profit factor not meaningful)"", ""single token share 10000 bps""], ""total_pnl_usd"": ""248.1586460467877103573533"", ""closed_episodes"": 0}",0,0,"{""BUY"": 17, ""BASE_ONLY"": 10, ""UNSUPPORTED"": 8}",0,"{""signature_scan_id"": ""135"", ""cached_transactions"": 35}",0,6.017,230.48,extractor v1; balance-normalizer v1,8,B1WeLvQad11cBsMEWuZtrFb6eEzm3heggaUpT5ofudpt,12,0,"[""closed episodes 0 < 30"", ""distinct tokens 0 < 20"", ""losing episodes 1 < 5 (profit factor not meaningful)"", ""single token share 10000 bps""]",1,1,"binance-1m-open:SOLUSDT,USDCUSDT;USDT=USD parity;v1",False,observed_buyer,True,0.003242,17,0.00,44,230.48,2,17,44,"[""PARSER_UNSUPPORTED"", ""INSUFFICIENT_SAMPLE"", ""RISK_OR_COPYABILITY_FAIL""]",5,12688.59,0,0,0,2026-09-28T13:49:11.000Z,2026-09-28T12:16:13.000Z,2026-08-25T12:05:42.000Z,True,-0.004277,40,"[""27G8MtK7VtTcCHkpASjSDdkWWYfoqT6ggEuKidVJidD4""]",PARSER_UNSUPPORTED,0,2026-08-29T13:49:11.000Z,2026-09-28T12:22:00.234Z,10000,-12688.59,35,-45.94,8,0,0,,-45.94,1.0000
"{""status"": ""REJECTED"", ""reasons"": [""distinct tokens 18 < 20"", ""coverage 8027 bps < 9000"", ""history truncated or unavailable (coverage unknown)""], ""total_pnl_usd"": ""6056.555444859169205286918965"", ""closed_episodes"": 101}",58,0,"{""BUY"": 181, ""SELL"": 203, ""BASE_ONLY"": 404, ""NO_CHANGE"": 15, ""TRANSFER_IN"": 40, ""UNSUPPORTED"": 189, ""TRANSFER_OUT"": 18}",0,"{""signature_scan_id"": ""136"", ""cached_transactions"": 1050}",0,3.514,3627.43,extractor v1; balance-normalizer v1,189,B26irrnSKWwzj2hNCcxBmfjGnKtXfjHTXbDEjGZRDJLJ,24,70,"[""distinct tokens 19 < 20"", ""single token share 4453 bps""]",44,2,"binance-1m-open:SOLUSDT,USDCUSDT;USDT=USD parity;v1",False,observed_buyer,True,0.101877,384,4240.65,1414,-613.22,93,384,1414,"[""PARSER_UNSUPPORTED"", ""INSUFFICIENT_SAMPLE"", ""RISK_OR_COPYABILITY_FAIL""]",7,252038.23,7,19,0,2026-09-28T13:49:11.000Z,2026-09-28T12:22:00.000Z,2026-08-28T15:58:41.000Z,True,0.087050,1057,"[""BPxxfRCXkUVhig4HS1Lh7kZqV6SPJhzfEk4x6fVBjPCy""]",PARSER_UNSUPPORTED,13,2026-08-29T13:49:11.000Z,2026-09-28T12:22:00.234Z,4453,-8522.74,1050,1933.76,189,18,51,457.15,2234.92,0.3341
"{""status"": ""REJECTED"", ""reasons"": [""active days 5 < 7"", ""coverage 8584 bps < 9000"", ""single token share 4478 bps""], ""total_pnl_usd"": ""305.50080566173669176836426143"", ""closed_episodes"": 60}",61,834,"{""BUY"": 391, ""BASE_ONLY"": 186, ""NO_CHANGE"": 15, ""TRANSFER_IN"": 53, ""UNSUPPORTED"": 183, ""TRANSFER_OUT"": 8}",0,"{""signature_scan_id"": ""141"", ""cached_transactions"": 836}",0,0.772,-533.56,extractor v1; balance-normalizer v1,183,BRYZwwpiJjNrMWthN2Wt5h1fYnZE1jmrhoURzhnu2JGM,5,0,"[""closed episodes 0 < 30"", ""distinct tokens 0 < 20"", ""active days 5 < 7"", ""total PnL -533.56 USD not positive"", ""profit factor 0.77 < 1.2"", ""single token share 8517 bps""]",122,0,"binance-1m-open:SOLUSDT,USDCUSDT;USDT=USD parity;v1",False,observed_buyer,True,0.162278,391,0.00,2,-533.56,134,391,2,"[""PARSER_UNSUPPORTED"", ""INSUFFICIENT_SAMPLE"", ""NEGATIVE_PNL"", ""LOW_PF"", ""RISK_OR_COPYABILITY_FAIL""]",81,3533.43,6,0,0,2026-09-28T15:32:12.000Z,2026-09-28T13:31:20.000Z,2026-09-22T17:22:49.000Z,True,0.021377,917,"[""CGfVJX4D35wE8kviKKE1XyKU9EHRXe4Zsw3R55ABpump""]",PARSER_UNSUPPORTED,4,2026-08-29T15:32:12.000Z,2026-09-28T12:12:19.173Z,8517,-3497.44,836,-2074.27,183,0,4,,-529.04,0.8516
"{""status"": ""REJECTED"", ""reasons"": [""closed episodes 0 < 30"", ""distinct tokens 0 < 20"", ""active days 1 < 7"", ""total PnL -0.36 USD not positive"", ""losing episodes 1 < 5 (profit factor not meaningful)"", ""profit factor 0.00 < 1.2"", ""single token share null bps""], ""total_pnl_usd"": ""-0.3579975497168709865"", ""closed_episodes"": 0}",0,0,"{""BUY"": 1, ""BASE_ONLY"": 1, ""UNSUPPORTED"": 1}",0,"{""signature_scan_id"": ""145"", ""cached_transactions"": 3}",0,0.000,-0.00,extractor v1; balance-normalizer v1,1,BUutZTGV2rtVkiaTWrz2Jc7e3hwire4HSSDPDpwv5iST,1,0,"[""closed episodes 0 < 30"", ""distinct tokens 0 < 20"", ""active days 1 < 7"", ""total PnL -0.00 USD not positive"", ""losing episodes 1 < 5 (profit factor not meaningful)"", ""profit factor 0.00 < 1.2"", ""single token share null bps""]",1,2,"binance-1m-open:SOLUSDT,USDCUSDT;USDT=USD parity;v1",False,observed_buyer,True,0.000010,1,0.00,3,-0.00,1,1,3,"[""PARSER_UNSUPPORTED"", ""INSUFFICIENT_SAMPLE"", ""NEGATIVE_PNL"", ""LOW_PF"", ""RISK_OR_COPYABILITY_FAIL""]",0,0.18,0,0,0,2026-09-28T13:49:11.000Z,2026-09-28T12:32:27.000Z,2026-09-28T12:04:38.000Z,True,0.000000,3,"[""cbbtcf3aa214zXHbiAZQwf4122FBYbraNdFqgw4iMij""]",PARSER_UNSUPPORTED,0,2026-08-29T13:49:11.000Z,2026-09-28T12:22:00.234Z,,-0.18,3,0.00,1,0,0,,0.00,
"{""status"": ""REJECTED"", ""reasons"": [""closed episodes 0 < 30"", ""distinct tokens 0 < 20"", ""active days 3 < 7"", ""losing episodes 1 < 5 (profit factor not meaningful)"", ""single token share 10000 bps""], ""total_pnl_usd"": ""1489.046318480539429695070011"", ""closed_episodes"": 0}",0,0,"{""BUY"": 6, ""BASE_ONLY"": 19, ""UNSUPPORTED"": 2}",0,"{""signature_scan_id"": ""149"", ""cached_transactions"": 27}",0,6.728,1162.78,extractor v1; balance-normalizer v1,2,CHRHEhUsVaBzGxKe5e1fwz9AYUghJasNxLdhB87wSmmU,3,0,"[""closed episodes 0 < 30"", ""distinct tokens 0 < 20"", ""active days 3 < 7"", ""losing episodes 1 < 5 (profit factor not meaningful)"", ""single token share 10000 bps""]",1,1,"binance-1m-open:SOLUSDT,USDCUSDT;USDT=USD parity;v1",False,observed_buyer,True,0.000721,6,0.00,35,1162.78,2,6,35,"[""PARSER_UNSUPPORTED"", ""INSUFFICIENT_SAMPLE"", ""RISK_OR_COPYABILITY_FAIL""]",0,23004.69,0,0,0,2026-09-28T13:49:11.000Z,2026-09-28T12:36:34.000Z,2026-02-14T23:13:35.000Z,True,0.002977,27,"[""BPxxfRCXkUVhig4HS1Lh7kZqV6SPJhzfEk4x6fVBjPCy""]",PARSER_UNSUPPORTED,0,2026-08-29T13:49:11.000Z,2026-09-28T12:22:00.234Z,10000,-23004.69,27,-202.99,2,0,0,,-202.99,1.0000
"{""status"": ""REJECTED"", ""reasons"": [""closed episodes 0 < 30"", ""distinct tokens 0 < 20"", ""active days 0 < 7"", ""coverage 0 bps < 9000"", ""total PnL 0.00 USD not positive"", ""losing episodes 0 < 5 (profit factor not meaningful)"", ""profit factor n/a < 1.2"", ""single token share null bps"", ""history truncated or unavailable (coverage unknown)""], ""total_pnl_usd"": ""0"", ""closed_episodes"": 0}",4,0,"{""BUY"": 10, ""SELL"": 9, ""BASE_ONLY"": 60, ""NO_CHANGE"": 2, ""TRANSFER_IN"": 4, ""UNSUPPORTED"": 16}",0,"{""signature_scan_id"": ""160"", ""cached_transactions"": 101}",0,8.368,6.60,extractor v1; balance-normalizer v1,16,D8HXPYt9YowpQ7QnYMXHwgqpuL7tYeAcawbBUxA9sNcL,8,2,"[""closed episodes 2 < 30"", ""distinct tokens 2 < 20"", ""losing episodes 1 < 5 (profit factor not meaningful)"", ""single token share 7737 bps""]",1,1,"binance-1m-open:SOLUSDT,USDCUSDT;USDT=USD parity;v1",False,observed_buyer,True,0.005853,19,0.56,115,6.03,7,19,115,"[""PARSER_UNSUPPORTED"", ""UNKNOWN_COST_BASIS"", ""INSUFFICIENT_SAMPLE"", ""RISK_OR_COPYABILITY_FAIL""]",2,1662.79,0,2,0,2026-09-28T13:49:11.000Z,2026-09-28T12:09:05.000Z,2026-05-26T17:14:34.000Z,True,0.003968,103,"[""98sMhvDwXj1RQi5c5Mndm3vPe9cBqPrbLaufMXFNMh5g""]",PARSER_UNSUPPORTED,3,2026-08-29T13:49:11.000Z,2026-09-28T12:12:19.173Z,7737,-394.82,101,0.80,16,2,4,123.53,0.80,0.7737
"{""status"": ""REJECTED"", ""reasons"": [""closed episodes 0 < 30"", ""distinct tokens 0 < 20"", ""active days 2 < 7"", ""total PnL -9.94 USD not positive"", ""losing episodes 1 < 5 (profit factor not meaningful)"", ""profit factor 0.00 < 1.2"", ""single token share null bps""], ""total_pnl_usd"": ""-9.9373948616689317283"", ""closed_episodes"": 0}",2,0,"{""BUY"": 2, ""BASE_ONLY"": 4, ""UNSUPPORTED"": 3, ""TRANSFER_OUT"": 2}",0,"{""signature_scan_id"": ""161"", ""cached_transactions"": 11}",0,,0.00,extractor v1; balance-normalizer v1,3,DGeX7NDruphfHwxTxmTs69DL6mFwvBrqUT4i2FunvSnq,2,0,"[""closed episodes 0 < 30"", ""distinct tokens 0 < 20"", ""active days 2 < 7"", ""total PnL 0.00 USD not positive"", ""losing episodes 0 < 5 (profit factor not meaningful)"", ""profit factor n/a < 1.2"", ""single token share null bps""]",0,1,"binance-1m-open:SOLUSDT,USDCUSDT;USDT=USD parity;v1",False,observed_buyer,True,0.001085,2,0.00,11,0.00,2,2,11,"[""PARSER_UNSUPPORTED"", ""UNKNOWN_COST_BASIS"", ""INSUFFICIENT_SAMPLE"", ""NEGATIVE_PNL"", ""LOW_PF"", ""RISK_OR_COPYABILITY_FAIL""]",0,3000.53,0,0,0,2026-09-28T13:49:11.000Z,2026-09-28T12:27:41.000Z,2026-08-22T11:46:37.000Z,True,-0.002074,11,"[""cbbtcf3aa214zXHbiAZQwf4122FBYbraNdFqgw4iMij""]",PARSER_UNSUPPORTED,2,2026-08-29T13:49:11.000Z,2026-09-28T12:22:00.234Z,,0.00,11,0.00,3,0,2,,0.00,
"{""status"": ""REJECTED"", ""reasons"": [""closed episodes 0 < 30"", ""distinct tokens 0 < 20"", ""active days 0 < 7"", ""coverage 0 bps < 9000"", ""total PnL 0.00 USD not positive"", ""losing episodes 0 < 5 (profit factor not meaningful)"", ""profit factor n/a < 1.2"", ""single token share null bps"", ""history truncated or unavailable (coverage unknown)""], ""total_pnl_usd"": ""0"", ""closed_episodes"": 0}",0,0,"{""BUY"": 1, ""BASE_ONLY"": 3, ""UNSUPPORTED"": 1}",0,"{""signature_scan_id"": ""164"", ""cached_transactions"": 5}",0,0.000,-1.66,extractor v1; balance-normalizer v1,1,DmAqoH3qYUxgKqu96aauQHf8XNu2ZZsHcA15nSPa2MAU,1,0,"[""closed episodes 0 < 30"", ""distinct tokens 0 < 20"", ""active days 1 < 7"", ""total PnL -1.66 USD not positive"", ""losing episodes 1 < 5 (profit factor not meaningful)"", ""profit factor 0.00 < 1.2"", ""single token share null bps""]",1,2,"binance-1m-open:SOLUSDT,USDCUSDT;USDT=USD parity;v1",False,observed_buyer,True,0.000066,1,0.00,5,-1.66,1,1,5,"[""PARSER_UNSUPPORTED"", ""INSUFFICIENT_SAMPLE"", ""NEGATIVE_PNL"", ""LOW_PF"", ""RISK_OR_COPYABILITY_FAIL""]",0,30.36,0,0,0,2026-09-28T13:49:11.000Z,2026-09-28T12:09:27.000Z,2026-09-28T12:04:52.000Z,True,0.001514,5,"[""98kfF7rmsg1QDUEoCqNE7g7M1FdrTt92TEp2CLzypump""]",PARSER_UNSUPPORTED,0,2026-08-29T13:49:11.000Z,2026-09-28T12:12:19.173Z,,-30.36,5,0.00,1,0,0,,0.00,
"{""status"": ""REJECTED"", ""reasons"": [""closed episodes 0 < 30"", ""distinct tokens 0 < 20"", ""active days 0 < 7"", ""coverage 0 bps < 9000"", ""total PnL 0.00 USD not positive"", ""losing episodes 0 < 5 (profit factor not meaningful)"", ""profit factor n/a < 1.2"", ""single token share null bps"", ""history truncated or unavailable (coverage unknown)""], ""total_pnl_usd"": ""0"", ""closed_episodes"": 0}",1,0,"{""BUY"": 5, ""SELL"": 1, ""BASE_ONLY"": 12, ""TRANSFER_IN"": 1, ""UNSUPPORTED"": 5}",0,"{""signature_scan_id"": ""180"", ""cached_transactions"": 24}",0,21.103,217.96,extractor v1; balance-normalizer v1,5,EZSdNoarv28K7TxZG39jPPJGyPP16BtWa6GeW6futKgi,3,1,"[""closed episodes 1 < 30"", ""distinct tokens 1 < 20"", ""active days 3 < 7"", ""losing episodes 1 < 5 (profit factor not meaningful)"", ""single token share 10000 bps""]",1,2,"binance-1m-open:SOLUSDT,USDCUSDT;USDT=USD parity;v1",False,observed_buyer,True,0.002000,6,228.80,24,-10.84,2,6,24,"[""PARSER_UNSUPPORTED"", ""INSUFFICIENT_SAMPLE"", ""RISK_OR_COPYABILITY_FAIL""]",0,2729.99,1,1,0,2026-09-28T13:49:11.000Z,2026-09-28T12:26:33.000Z,2026-09-17T12:11:08.000Z,True,0.000000,24,"[""4k3Dyjzvzp8eMZWUXbBCjEvwSkkk59S5iCNLY3QrkX6R""]",PARSER_UNSUPPORTED,0,2026-08-29T13:49:11.000Z,2026-09-28T12:12:19.173Z,10000,-487.13,24,0.00,5,0,0,1007.03,0.00,1.0000
"{""status"": ""REJECTED"", ""reasons"": [""closed episodes 0 < 30"", ""distinct tokens 0 < 20"", ""active days 0 < 7"", ""coverage 0 bps < 9000"", ""total PnL 0.00 USD not positive"", ""losing episodes 0 < 5 (profit factor not meaningful)"", ""profit factor n/a < 1.2"", ""single token share null bps"", ""history truncated or unavailable (coverage unknown)""], ""total_pnl_usd"": ""0"", ""closed_episodes"": 0}",1,0,"{""BUY"": 13, ""SELL"": 10, ""BASE_ONLY"": 16, ""NO_CHANGE"": 2, ""UNSUPPORTED"": 23, ""TRANSFER_OUT"": 1}",0,"{""signature_scan_id"": ""174"", ""cached_transactions"": 65}",0,3.447,3.22,extractor v1; balance-normalizer v1,23,EqpJ953xHypdNSAHeWvr12QoHnr9QhddoXY737gT3Lp,12,2,"[""closed episodes 2 < 30"", ""distinct tokens 2 < 20"", ""losing episodes 3 < 5 (profit factor not meaningful)"", ""single token share 4930 bps""]",3,1,"binance-1m-open:SOLUSDT,USDCUSDT;USDT=USD parity;v1",False,observed_buyer,True,0.009525,23,3.17,65,0.05,7,23,65,"[""PARSER_UNSUPPORTED"", ""INSUFFICIENT_SAMPLE"", ""RISK_OR_COPYABILITY_FAIL""]",0,111.65,0,2,0,2026-09-28T13:49:11.000Z,2026-09-28T13:46:48.000Z,2026-08-28T10:26:12.000Z,True,-0.000551,65,"[""BPxxfRCXkUVhig4HS1Lh7kZqV6SPJhzfEk4x6fVBjPCy""]",PARSER_UNSUPPORTED,1,2026-08-29T13:49:11.000Z,2026-09-28T12:06:53.638Z,4930,-31.94,65,1.85,23,2,1,4.59,3.23,0.4929
"{""status"": ""REJECTED"", ""reasons"": [""closed episodes 0 < 30"", ""distinct tokens 0 < 20"", ""active days 3 < 7"", ""coverage 6000 bps < 9000"", ""total PnL -0.85 USD not positive"", ""losing episodes 2 < 5 (profit factor not meaningful)"", ""profit factor 0.00 < 1.2"", ""single token share null bps""], ""total_pnl_usd"": ""-0.8504063414249170800676"", ""closed_episodes"": 0}",5,0,"{""BUY"": 2, ""SELL"": 2, ""BASE_ONLY"": 116, ""NO_CHANGE"": 3, ""TRANSFER_IN"": 1, ""UNSUPPORTED"": 6, ""TRANSFER_OUT"": 4}",0,"{""signature_scan_id"": ""183"", ""cached_transactions"": 134}",0,1.842,0.00,extractor v1; balance-normalizer v1,6,FD9cVksJSSEh4byB4yXxEnKJjFkeRYWQNCuamgQDF3Kt,1,2,"[""closed episodes 2 < 30"", ""distinct tokens 1 < 20"", ""active days 1 < 7"", ""losing episodes 1 < 5 (profit factor not meaningful)"", ""single token share 10000 bps""]",1,1,"binance-1m-open:SOLUSDT,USDCUSDT;USDT=USD parity;v1",False,observed_buyer,True,0.000542,4,0.00,176,0.00,2,4,176,"[""PARSER_UNSUPPORTED"", ""INSUFFICIENT_SAMPLE"", ""RISK_OR_COPYABILITY_FAIL""]",5,0.24,2,1,2,2026-09-28T13:49:11.000Z,2026-09-28T13:42:42.000Z,2026-07-21T03:11:16.000Z,True,-0.054103,139,"[""6p6xgHyF7AeE6TZkSmFsko444wqoP15icUSqi2jfGiPN""]",PARSER_UNSUPPORTED,0,2026-08-29T13:49:11.000Z,2026-09-28T12:22:00.234Z,10000,0.00,134,0.00,6,0,0,0.06,0.00,1.0000
"{""status"": ""REJECTED"", ""reasons"": [""closed episodes 0 < 30"", ""distinct tokens 0 < 20"", ""active days 0 < 7"", ""coverage 0 bps < 9000"", ""total PnL 0.00 USD not positive"", ""losing episodes 0 < 5 (profit factor not meaningful)"", ""profit factor n/a < 1.2"", ""single token share null bps"", ""history truncated or unavailable (coverage unknown)""], ""total_pnl_usd"": ""0"", ""closed_episodes"": 0}",0,0,"{""BUY"": 14, ""SELL"": 2, ""BASE_ONLY"": 1, ""UNSUPPORTED"": 2}",0,"{""signature_scan_id"": ""190"", ""cached_transactions"": 19}",0,1.216,1.13,extractor v1; balance-normalizer v1,2,FTs5xN4cahM5n5dVgsyRbuCG2HhYYw8auELrKEPqxTiA,12,2,"[""closed episodes 2 < 30"", ""distinct tokens 1 < 20"", ""losing episodes 4 < 5 (profit factor not meaningful)"", ""single token share 10000 bps""]",4,1,"binance-1m-open:SOLUSDT,USDCUSDT;USDT=USD parity;v1",False,observed_buyer,True,0.001440,16,6.34,24,-5.21,6,16,24,"[""PARSER_UNSUPPORTED"", ""INSUFFICIENT_SAMPLE"", ""RISK_OR_COPYABILITY_FAIL""]",0,31.72,0,1,0,2026-09-28T13:49:11.000Z,2026-09-28T12:10:30.000Z,2026-08-29T11:39:09.000Z,True,0.001514,19,"[""Ai66LHZG9MCzg1WKdawwqduVAXpNDUuV8M3uyq5ppump""]",PARSER_UNSUPPORTED,0,2026-08-29T13:49:11.000Z,2026-09-28T12:12:19.173Z,10000,-19.37,19,-2.12,2,0,0,1.00,-2.12,0.8554
"{""status"": ""REJECTED"", ""reasons"": [""closed episodes 8 < 30"", ""distinct tokens 8 < 20"", ""profit factor 1.16 < 1.2""], ""total_pnl_usd"": ""973.8126301525638352308177975"", ""closed_episodes"": 8}",78,0,"{""BUY"": 94, ""SELL"": 31, ""BASE_ONLY"": 97, ""NO_CHANGE"": 1, ""TRANSFER_IN"": 78, ""UNSUPPORTED"": 23}",0,"{""signature_scan_id"": ""192"", ""cached_transactions"": 324}",0,1.729,2473.78,extractor v1; balance-normalizer v1,23,FxLecXTm81NXnSDpqcZyh6AADL1XpropoktgUrDJQReF,7,16,"[""closed episodes 16 < 30"", ""distinct tokens 14 < 20""]",8,1,"binance-1m-open:SOLUSDT,USDCUSDT;USDT=USD parity;v1",False,observed_buyer,True,0.031159,125,339.55,441,2134.23,30,125,441,"[""PARSER_UNSUPPORTED"", ""UNKNOWN_COST_BASIS"", ""INSUFFICIENT_SAMPLE""]",33,42680.39,1,14,0,2026-09-28T13:49:11.000Z,2026-09-28T13:46:22.000Z,2026-08-29T13:16:09.000Z,True,-0.018709,357,"[""3iUTyNYW6xKv5kZUjtbrEDTsuJTrSVwvB3bQtxkLpump""]",PARSER_UNSUPPORTED,11,2026-08-29T13:49:11.000Z,2026-09-28T12:22:00.234Z,3020,-2392.08,324,702.02,23,0,67,586.90,2903.50,0.3019
"{""status"": ""REJECTED"", ""reasons"": [""closed episodes 0 < 30"", ""distinct tokens 0 < 20"", ""active days 0 < 7"", ""coverage 0 bps < 9000"", ""total PnL 0.00 USD not positive"", ""losing episodes 0 < 5 (profit factor not meaningful)"", ""profit factor n/a < 1.2"", ""single token share null bps"", ""history truncated or unavailable (coverage unknown)""], ""total_pnl_usd"": ""0"", ""closed_episodes"": 0}",0,0,"{""BUY"": 52, ""BASE_ONLY"": 32, ""NO_CHANGE"": 2, ""UNSUPPORTED"": 7}",0,"{""signature_scan_id"": ""194"", ""cached_transactions"": 93}",0,41.227,1.31,extractor v1; balance-normalizer v1,7,GbS5DrJsD7BoArfPQdadHJiDpDmJ6NtZUrZmEme8tccE,26,0,"[""closed episodes 0 < 30"", ""distinct tokens 0 < 20"", ""losing episodes 1 < 5 (profit factor not meaningful)"", ""single token share 7625 bps""]",1,1,"binance-1m-open:SOLUSDT,USDCUSDT;USDT=USD parity;v1",False,observed_buyer,True,0.003516,52,0.00,108,1.31,3,52,108,"[""PARSER_UNSUPPORTED"", ""INSUFFICIENT_SAMPLE"", ""RISK_OR_COPYABILITY_FAIL""]",2,6.62,0,0,0,2026-09-28T13:49:11.000Z,2026-09-28T12:11:18.000Z,2026-08-29T13:07:25.000Z,True,-0.003394,95,"[""JUPyiwrYJFskUPiHa7hkeR8VUtAeFoSYbKedZNsDvCN""]",PARSER_UNSUPPORTED,0,2026-08-29T13:49:11.000Z,2026-09-28T12:12:19.173Z,7625,-6.62,93,0.29,7,0,0,,0.29,0.7624
"{""status"": ""REJECTED"", ""reasons"": [""closed episodes 10 < 30"", ""distinct tokens 7 < 20"", ""active days 2 < 7"", ""losing episodes 1 < 5 (profit factor not meaningful)""], ""total_pnl_usd"": ""25.9242629580033993081995327"", ""closed_episodes"": 10}",1,0,"{""BUY"": 20, ""SELL"": 14, ""BASE_ONLY"": 15, ""TRANSFER_IN"": 1, ""UNSUPPORTED"": 4}",0,"{""signature_scan_id"": ""202"", ""cached_transactions"": 54}",0,24.671,33.10,extractor v1; balance-normalizer v1,4,GuqEjMhZfj7TvWu1P4Xx7brCPzGEXW1pRVBKo9PN1bnB,2,11,"[""closed episodes 11 < 30"", ""distinct tokens 7 < 20"", ""active days 2 < 7"", ""losing episodes 1 < 5 (profit factor not meaningful)""]",1,1,"binance-1m-open:SOLUSDT,USDCUSDT;USDT=USD parity;v1",False,observed_buyer,True,0.012422,34,27.13,54,5.97,13,34,54,"[""PARSER_UNSUPPORTED"", ""INSUFFICIENT_SAMPLE""]",0,956.38,1,7,0,2026-09-28T13:49:11.000Z,2026-09-28T12:58:40.000Z,2026-06-11T17:16:46.000Z,True,0.015220,54,"[""3iUTyNYW6xKv5kZUjtbrEDTsuJTrSVwvB3bQtxkLpump""]",PARSER_UNSUPPORTED,0,2026-08-29T13:49:11.000Z,2026-09-28T12:22:00.234Z,2776,-43.32,54,23.53,4,1,0,20.01,23.53,0.2136
"{""status"": ""REJECTED"", ""reasons"": [""closed episodes 0 < 30"", ""distinct tokens 0 < 20"", ""active days 0 < 7"", ""coverage 0 bps < 9000"", ""total PnL 0.00 USD not positive"", ""losing episodes 0 < 5 (profit factor not meaningful)"", ""profit factor n/a < 1.2"", ""single token share null bps"", ""history truncated or unavailable (coverage unknown)""], ""total_pnl_usd"": ""0"", ""closed_episodes"": 0}",9,0,"{""BASE_ONLY"": 2, ""TRANSFER_IN"": 2, ""UNSUPPORTED"": 12, ""TRANSFER_OUT"": 7}",0,"{""signature_scan_id"": ""213"", ""cached_transactions"": 23}",0,,0.00,extractor v1; balance-normalizer v1,12,HLe6UYzttvkfeJ3n8J2CxCScEknZmq9zreP1bjeTKMdY,0,0,"[""closed episodes 0 < 30"", ""distinct tokens 0 < 20"", ""active days 0 < 7"", ""coverage 0 bps < 9000"", ""total PnL 0.00 USD not positive"", ""losing episodes 0 < 5 (profit factor not meaningful)"", ""profit factor n/a < 1.2"", ""single token share null bps""]",0,2,"binance-1m-open:SOLUSDT,USDCUSDT;USDT=USD parity;v1",False,observed_buyer,True,0.000080,0,0.00,23,0.00,0,0,23,"[""PARSER_UNSUPPORTED"", ""MISSING_PRICE"", ""INSUFFICIENT_SAMPLE"", ""NEGATIVE_PNL"", ""LOW_PF"", ""RISK_OR_COPYABILITY_FAIL""]",0,0.00,1,0,0,2026-09-28T13:49:11.000Z,2026-09-28T12:14:28.000Z,2026-09-26T08:06:07.000Z,True,-0.007442,23,"[""6GmAFSYs4gk3FDao5FzzySQpPZaWsa4rUJHacpMpUNgx""]",PARSER_UNSUPPORTED,0,2026-08-29T13:49:11.000Z,2026-09-28T12:12:19.173Z,,0.00,23,0.00,12,0,0,,0.00,
"{""status"": ""REJECTED"", ""reasons"": [""closed episodes 0 < 30"", ""distinct tokens 0 < 20"", ""active days 0 < 7"", ""coverage 0 bps < 9000"", ""total PnL 0.00 USD not positive"", ""losing episodes 0 < 5 (profit factor not meaningful)"", ""profit factor n/a < 1.2"", ""single token share null bps"", ""history truncated or unavailable (coverage unknown)""], ""total_pnl_usd"": ""0"", ""closed_episodes"": 0}",1,0,"{""BUY"": 76, ""SELL"": 74, ""BASE_ONLY"": 28, ""TRANSFER_IN"": 1, ""UNSUPPORTED"": 52}",0,"{""signature_scan_id"": ""215"", ""cached_transactions"": 231}",0,47.736,3402.39,extractor v1; balance-normalizer v1,52,Ho5371Kc1Kxy7ze85UYzZ4BUfSkLg39Xp3B424RuYrbC,22,14,"[""closed episodes 14 < 30"", ""distinct tokens 10 < 20""]",7,1,"binance-1m-open:SOLUSDT,USDCUSDT;USDT=USD parity;v1",False,observed_buyer,True,0.040442,150,2932.43,313,469.96,27,150,313,"[""PARSER_UNSUPPORTED"", ""INSUFFICIENT_SAMPLE""]",1,58210.26,0,10,0,2026-09-28T13:49:11.000Z,2026-09-28T12:06:09.000Z,2026-08-29T13:25:50.000Z,True,0.019543,232,"[""BPxxfRCXkUVhig4HS1Lh7kZqV6SPJhzfEk4x6fVBjPCy""]",PARSER_UNSUPPORTED,1,2026-08-29T13:49:11.000Z,2026-09-28T12:06:53.638Z,2787,-6616.47,231,2433.98,52,9,1,237.56,2731.98,0.2762
"{""status"": ""REJECTED"", ""reasons"": [""closed episodes 0 < 30"", ""distinct tokens 0 < 20"", ""active days 0 < 7"", ""coverage 0 bps < 9000"", ""total PnL 0.00 USD not positive"", ""losing episodes 0 < 5 (profit factor not meaningful)"", ""profit factor n/a < 1.2"", ""single token share null bps"", ""history truncated or unavailable (coverage unknown)""], ""total_pnl_usd"": ""0"", ""closed_episodes"": 0}",0,0,"{""BUY"": 6, ""BASE_ONLY"": 5, ""NO_CHANGE"": 1, ""UNSUPPORTED"": 2}",0,"{""signature_scan_id"": ""224"", ""cached_transactions"": 14}",0,0.000,-255.77,extractor v1; balance-normalizer v1,2,RCmvWuotZdmPxYYqrqxN56WkWtPzL17HJtPWjvaL9nE,3,0,"[""closed episodes 0 < 30"", ""distinct tokens 0 < 20"", ""active days 3 < 7"", ""total PnL -255.77 USD not positive"", ""losing episodes 3 < 5 (profit factor not meaningful)"", ""profit factor 0.00 < 1.2"", ""single token share null bps""]",3,1,"binance-1m-open:SOLUSDT,USDCUSDT;USDT=USD parity;v1",False,observed_buyer,True,0.001539,6,0.00,14,-255.77,3,6,14,"[""PARSER_UNSUPPORTED"", ""INSUFFICIENT_SAMPLE"", ""NEGATIVE_PNL"", ""LOW_PF"", ""RISK_OR_COPYABILITY_FAIL""]",0,11058.99,0,0,0,2026-09-28T13:49:11.000Z,2026-09-28T13:10:03.000Z,2026-06-29T06:33:53.000Z,True,0.004465,14,"[""Dz9mQ9NzkBcCsuGPFJ3r1bS4wgqKMHBPiVuniW8Mbonk""]",PARSER_UNSUPPORTED,0,2026-08-29T13:49:11.000Z,2026-09-28T12:12:19.173Z,,-11058.99,14,-243.10,2,0,0,,-243.10,
"{""status"": ""REJECTED"", ""reasons"": [""closed episodes 1 < 30"", ""distinct tokens 1 < 20"", ""coverage 7692 bps < 9000"", ""losing episodes 1 < 5 (profit factor not meaningful)"", ""single token share 8129 bps""], ""total_pnl_usd"": ""57.730035963868728816179556"", ""closed_episodes"": 1}",0,0,"{""BUY"": 16, ""SELL"": 1, ""NO_CHANGE"": 1, ""UNSUPPORTED"": 18}",0,"{""signature_scan_id"": ""119"", ""cached_transactions"": 36}",0,14.549,37.37,extractor v1; balance-normalizer v1,18,a1ixDsLvMLaoYCKFjY86JCNFjkpcM7qsyBqxAfJjfpE,7,0,"[""closed episodes 0 < 30"", ""distinct tokens 0 < 20"", ""losing episodes 1 < 5 (profit factor not meaningful)""]",1,1,"binance-1m-open:SOLUSDT,USDCUSDT;USDT=USD parity;v1",False,observed_buyer,True,0.002840,17,0.00,38,37.37,6,17,38,"[""PARSER_UNSUPPORTED"", ""INSUFFICIENT_SAMPLE""]",0,558.69,0,0,0,2026-09-28T13:49:11.000Z,2026-09-28T12:11:43.000Z,2026-08-27T09:57:27.000Z,True,0.006187,36,"[""pumpCmXqMfrsAkQ5r49WcJnRayYRqmXz6ae8H7H9Dfn""]",PARSER_UNSUPPORTED,0,2026-08-29T13:49:11.000Z,2026-09-28T12:12:19.173Z,3457,-352.35,36,23.50,18,0,0,,30.04,0.3457
"{""status"": ""REJECTED"", ""reasons"": [""closed episodes 4 < 30"", ""distinct tokens 4 < 20"", ""active days 6 < 7"", ""coverage 7608 bps < 9000"", ""total PnL -497.46 USD not positive"", ""profit factor 0.26 < 1.2"", ""single token share 9427 bps""], ""total_pnl_usd"": ""-497.4647107977466842866420115"", ""closed_episodes"": 4}",40,263,"{""BUY"": 47, ""SELL"": 74, ""BASE_ONLY"": 50, ""NO_CHANGE"": 72, ""TRANSFER_IN"": 40, ""UNSUPPORTED"": 30}",0,"{""signature_scan_id"": ""225"", ""cached_transactions"": 313}",0,0.093,-171.67,extractor v1; balance-normalizer v1,30,s1nMEQzPMLgb6wxVqmNv4CtpfTh9TVkgvTQVt4RkguC,6,17,"[""closed episodes 17 < 30"", ""distinct tokens 17 < 20"", ""active days 6 < 7"", ""total PnL -171.67 USD not positive"", ""profit factor 0.09 < 1.2"", ""single token share 6973 bps""]",22,0,"binance-1m-open:SOLUSDT,USDCUSDT;USDT=USD parity;v1",False,observed_buyer,True,0.077597,121,-44.47,50,-127.20,44,121,50,"[""PARSER_UNSUPPORTED"", ""UNKNOWN_COST_BASIS"", ""INSUFFICIENT_SAMPLE"", ""NEGATIVE_PNL"", ""LOW_PF"", ""RISK_OR_COPYABILITY_FAIL""]",87,4783.64,0,17,0,2026-09-28T15:32:12.000Z,2026-09-28T13:07:17.000Z,2026-09-22T18:12:51.000Z,True,0.006198,400,"[""3ZLekZYq2qkZiSpnSvabjit34tUkjSwD1JFuW9as9wBG""]",PARSER_UNSUPPORTED,17,2026-08-29T15:32:12.000Z,2026-09-28T12:12:19.173Z,6973,-965.40,313,-183.91,30,27,40,36.22,-171.67,0.6972
"{""status"": ""REJECTED"", ""reasons"": [""single token share 4234 bps""], ""total_pnl_usd"": ""1606.0158851673682006732965334"", ""closed_episodes"": 56}",17,0,"{""BUY"": 243, ""SELL"": 72, ""BASE_ONLY"": 306, ""TRANSFER_IN"": 17, ""UNSUPPORTED"": 4}",0,"{""signature_scan_id"": ""44"", ""cached_transactions"": 642}",0,1.636,2891.31,extractor v1; balance-normalizer v1,4,53iMSndPda7tqFjYHb33FWWer9r8YaPJudWCSLHGoKHe,17,65,[],16,1,"binance-1m-open:SOLUSDT,USDCUSDT;USDT=USD parity;v1",False,observed_buyer,True,0.086771,315,366.79,860,2524.52,67,315,860,"[""QUALIFIED_PROVISIONAL""]",45,221079.09,5,30,0,2026-09-28T13:49:11.000Z,2026-09-28T12:38:53.000Z,2026-08-28T04:45:17.000Z,True,0.049211,687,"[""3iUTyNYW6xKv5kZUjtbrEDTsuJTrSVwvB3bQtxkLpump""]",QUALIFIED_PROVISIONAL,0,2026-08-29T13:49:11.000Z,2026-09-28T12:22:00.234Z,3254,-1533.46,642,773.88,4,0,0,1080.49,3297.66,0.3157
"{""status"": ""REJECTED"", ""reasons"": [""closed episodes 0 < 30"", ""distinct tokens 0 < 20"", ""active days 0 < 7"", ""coverage 0 bps < 9000"", ""total PnL 0.00 USD not positive"", ""losing episodes 0 < 5 (profit factor not meaningful)"", ""profit factor n/a < 1.2"", ""single token share null bps"", ""history truncated or unavailable (coverage unknown)""], ""total_pnl_usd"": ""0"", ""closed_episodes"": 0}",43,0,"{""BUY"": 411, ""SELL"": 236, ""BASE_ONLY"": 190, ""TRANSFER_IN"": 43, ""UNSUPPORTED"": 3}",0,"{""signature_scan_id"": ""121"", ""cached_transactions"": 883}",0,2.832,9653.97,extractor v1; balance-normalizer v1,3,AAN5n1Csdsin69XhpfAYzWGD283ZetuX2zf61uyGSw5s,31,192,[],80,1,"binance-1m-open:SOLUSDT,USDCUSDT;USDT=USD parity;v1",False,observed_buyer,True,0.786138,647,9653.97,1203,0.00,201,647,1203,"[""QUALIFIED_PROVISIONAL""]",17,1045724.06,23,64,1,2026-09-28T13:49:11.000Z,2026-09-28T13:09:49.000Z,2026-08-29T13:07:49.000Z,True,0.113842,900,"[""6GmAFSYs4gk3FDao5FzzySQpPZaWsa4rUJHacpMpUNgx""]",QUALIFIED_PROVISIONAL,9,2026-08-29T13:49:11.000Z,2026-09-28T12:06:53.638Z,3666,0.00,883,5256.16,3,3,20,1105.79,5647.87,0.0843
"{""status"": ""REJECTED"", ""reasons"": [""closed episodes 0 < 30"", ""distinct tokens 0 < 20"", ""active days 0 < 7"", ""coverage 0 bps < 9000"", ""total PnL 0.00 USD not positive"", ""losing episodes 0 < 5 (profit factor not meaningful)"", ""profit factor n/a < 1.2"", ""single token share null bps"", ""history truncated or unavailable (coverage unknown)""], ""total_pnl_usd"": ""0"", ""closed_episodes"": 0}",7,969,"{""BUY"": 368, ""SELL"": 365, ""BASE_ONLY"": 111, ""NO_CHANGE"": 159, ""TRANSFER_IN"": 3, ""UNSUPPORTED"": 8, ""TRANSFER_OUT"": 4}",0,"{""signature_scan_id"": ""227"", ""cached_transactions"": 1018}",0,1.358,247.19,extractor v1; balance-normalizer v1,8,wDgV42GrPfMKtc8fR6rEx8tTNruQuQDnHtgDdUTDxY1,7,235,[],187,0,"binance-1m-open:SOLUSDT,USDCUSDT;USDT=USD parity;v1",False,observed_buyer,True,0.015468,733,248.19,61,-1.00,241,733,61,"[""QUALIFIED_PROVISIONAL""]",7,25078.00,0,220,0,2026-09-28T15:32:12.000Z,2026-09-28T13:49:33.000Z,2026-09-21T09:37:49.000Z,True,0.012177,1025,"[""CbcyNo7m1amFWqEQm2m4PLv1UNvpcL3C1Ujm6AkzpKoU""]",QUALIFIED_PROVISIONAL,4,2026-08-29T15:32:12.000Z,2026-09-28T12:06:53.638Z,3409,-3.73,1018,1.60,8,3,7,13.21,247.19,0.3408
"{""status"": ""REJECTED"", ""reasons"": [""closed episodes 0 < 30"", ""distinct tokens 0 < 20"", ""active days 0 < 7"", ""coverage 0 bps < 9000"", ""total PnL 0.00 USD not positive"", ""losing episodes 0 < 5 (profit factor not meaningful)"", ""profit factor n/a < 1.2"", ""single token share null bps"", ""history truncated or unavailable (coverage unknown)""], ""total_pnl_usd"": ""0"", ""closed_episodes"": 0}",35,361,"{""BUY"": 141, ""SELL"": 89, ""BASE_ONLY"": 99, ""NO_CHANGE"": 34, ""TRANSFER_IN"": 29, ""UNSUPPORTED"": 15, ""TRANSFER_OUT"": 6}",0,"{""signature_scan_id"": ""75"", ""cached_transactions"": 413}",0,6.175,4562.61,extractor v1; balance-normalizer v1,15,7NhDCDwW6owa4bZzVRLuNwtG42wdW5YnEzVGn736udhu,10,54,"[""single token share 6691 bps""]",30,0,"binance-1m-open:SOLUSDT,USDCUSDT;USDT=USD parity;v1",False,observed_buyer,True,0.318918,230,4525.79,60,36.83,61,230,60,"[""RISK_OR_COPYABILITY_FAIL""]",0,16730.96,3,38,0,2026-09-28T15:32:12.000Z,2026-09-28T13:02:14.000Z,2026-02-11T06:09:15.000Z,True,0.017671,413,"[""CbcyNo7m1amFWqEQm2m4PLv1UNvpcL3C1Ujm6AkzpKoU""]",RISK_OR_COPYABILITY_FAIL,4,2026-08-29T15:32:12.000Z,2026-09-28T12:06:53.638Z,6691,-366.84,413,937.98,15,3,23,37.89,937.98,0.6581
"{""status"": ""REJECTED"", ""reasons"": [""total PnL -327.07 USD not positive"", ""profit factor 0.52 < 1.2""], ""total_pnl_usd"": ""-327.0664836751719562051065179715"", ""closed_episodes"": 47}",19,479,"{""BUY"": 264, ""SELL"": 139, ""BASE_ONLY"": 34, ""NO_CHANGE"": 2, ""TRANSFER_IN"": 10, ""UNSUPPORTED"": 24, ""TRANSFER_OUT"": 9}",0,"{""signature_scan_id"": ""142"", ""cached_transactions"": 482}",0,1.416,190.90,extractor v1; balance-normalizer v1,24,BSCjTQRgZqhBbSFHUBd1ifNbbzm2GTo53eY1GWUzrFVJ,29,123,"[""single token share 4681 bps""]",174,0,"binance-1m-open:SOLUSDT,USDCUSDT;USDT=USD parity;v1",False,observed_buyer,True,0.043345,403,157.06,3,33.84,220,403,3,"[""RISK_OR_COPYABILITY_FAIL""]",77,2035.18,4,111,0,2026-09-28T15:32:12.000Z,2026-09-28T13:43:10.000Z,2026-08-29T02:56:28.000Z,True,0.018044,559,"[""CGfVJX4D35wE8kviKKE1XyKU9EHRXe4Zsw3R55ABpump""]",RISK_OR_COPYABILITY_FAIL,10,2026-08-29T15:32:12.000Z,2026-09-28T12:12:19.173Z,4681,-329.20,482,-113.01,24,1,10,3.93,191.47,0.4681
"{""status"": ""REJECTED"", ""reasons"": [""closed episodes 29 < 30"", ""total PnL -132.41 USD not positive"", ""profit factor 0.44 < 1.2"", ""single token share 7176 bps""], ""total_pnl_usd"": ""-132.412782154566303548665278"", ""closed_episodes"": 29}",0,0,"{""BUY"": 86, ""SELL"": 54, ""BASE_ONLY"": 116, ""NO_CHANGE"": 42}",0,"{""signature_scan_id"": ""226"", ""cached_transactions"": 298}",0,5.022,72.10,extractor v1; balance-normalizer v1,0,Uf4C8XPugmRjSGAhPQg2DUCr3727ZLrRDf2qSct1fP8,26,53,"[""single token share 6232 bps""]",27,1,"binance-1m-open:SOLUSDT,USDCUSDT;USDT=USD parity;v1",False,observed_buyer,True,0.005524,140,61.87,400,10.23,63,140,400,"[""RISK_OR_COPYABILITY_FAIL""]",4,526.03,0,46,22,2026-09-28T13:49:11.000Z,2026-09-28T13:45:24.000Z,2026-08-29T09:31:41.000Z,True,0.016565,302,"[""6GmAFSYs4gk3FDao5FzzySQpPZaWsa4rUJHacpMpUNgx""]",RISK_OR_COPYABILITY_FAIL,0,2026-08-29T13:49:11.000Z,2026-09-28T12:22:00.234Z,6232,-147.25,298,16.00,0,0,0,1.00,71.74,0.4192
"{""status"": ""REJECTED"", ""reasons"": [""closed episodes 0 < 30"", ""distinct tokens 0 < 20"", ""active days 0 < 7"", ""coverage 0 bps < 9000"", ""total PnL 0.00 USD not positive"", ""losing episodes 0 < 5 (profit factor not meaningful)"", ""profit factor n/a < 1.2"", ""single token share null bps"", ""history truncated or unavailable (coverage unknown)""], ""total_pnl_usd"": ""0"", ""closed_episodes"": 0}",2,243,"{""BUY"": 15, ""BASE_ONLY"": 229, ""NO_CHANGE"": 2, ""TRANSFER_IN"": 1, ""TRANSFER_OUT"": 1}",0,"{""signature_scan_id"": ""3"", ""cached_transactions"": 248}",0,0.000,-5.13,extractor v1; balance-normalizer v1,0,2BgzoYwUn36BWjnF9R3qpZwYvMnmurwRx8Y6gkhS4835,6,0,"[""closed episodes 0 < 30"", ""distinct tokens 0 < 20"", ""active days 6 < 7"", ""total PnL -5.13 USD not positive"", ""losing episodes 4 < 5 (profit factor not meaningful)"", ""profit factor 0.00 < 1.2"", ""single token share null bps""]",4,0,"binance-1m-open:SOLUSDT,USDCUSDT;USDT=USD parity;v1",False,observed_buyer,True,0.000615,15,0.00,5,-5.13,5,15,5,"[""UNKNOWN_COST_BASIS"", ""INSUFFICIENT_SAMPLE"", ""NEGATIVE_PNL"", ""LOW_PF"", ""RISK_OR_COPYABILITY_FAIL""]",215,73.91,1,0,0,2026-09-28T15:32:12.000Z,2026-09-28T12:14:51.000Z,2026-08-26T14:21:55.000Z,True,-0.002039,463,"[""Dz9mQ9NzkBcCsuGPFJ3r1bS4wgqKMHBPiVuniW8Mbonk""]",UNKNOWN_COST_BASIS,1,2026-08-29T15:32:12.000Z,2026-09-28T12:12:19.173Z,,-63.15,248,-4.78,0,0,1,,-4.78,
"{""status"": ""REJECTED"", ""reasons"": [""closed episodes 0 < 30"", ""distinct tokens 0 < 20"", ""active days 0 < 7"", ""coverage 0 bps < 9000"", ""total PnL 0.00 USD not positive"", ""losing episodes 0 < 5 (profit factor not meaningful)"", ""profit factor n/a < 1.2"", ""single token share null bps"", ""history truncated or unavailable (coverage unknown)""], ""total_pnl_usd"": ""0"", ""closed_episodes"": 0}",1,0,"{""BUY"": 3, ""SELL"": 3, ""BASE_ONLY"": 12, ""TRANSFER_IN"": 1}",0,"{""signature_scan_id"": ""52"", ""cached_transactions"": 19}",0,,0.00,extractor v1; balance-normalizer v1,0,6AqcfXqBGwhdb5V1JE87BcxkvCfhSoZ5ehBg6aGBqwuS,2,0,"[""closed episodes 0 < 30"", ""distinct tokens 0 < 20"", ""active days 2 < 7"", ""total PnL 0.00 USD not positive"", ""losing episodes 0 < 5 (profit factor not meaningful)"", ""profit factor n/a < 1.2"", ""single token share null bps""]",0,1,"binance-1m-open:SOLUSDT,USDCUSDT;USDT=USD parity;v1",False,observed_buyer,True,0.001219,6,0.00,19,0.00,1,6,19,"[""UNKNOWN_COST_BASIS"", ""INSUFFICIENT_SAMPLE"", ""NEGATIVE_PNL"", ""LOW_PF"", ""RISK_OR_COPYABILITY_FAIL""]",0,2063.99,0,0,0,2026-09-28T13:49:11.000Z,2026-09-28T12:11:41.000Z,2026-04-10T16:56:15.000Z,True,0.000000,19,"[""Ai66LHZG9MCzg1WKdawwqduVAXpNDUuV8M3uyq5ppump""]",UNKNOWN_COST_BASIS,1,2026-08-29T13:49:11.000Z,2026-09-28T12:12:19.173Z,,0.00,19,0.00,0,0,1,,0.00,
"{""status"": ""REJECTED"", ""reasons"": [""closed episodes 4 < 30"", ""distinct tokens 1 < 20"", ""losing episodes 2 < 5 (profit factor not meaningful)"", ""single token share 10000 bps""], ""total_pnl_usd"": ""2809.2309399741435292697875"", ""closed_episodes"": 4}",5,283,"{""BUY"": 146, ""SELL"": 70, ""BASE_ONLY"": 48, ""TRANSFER_IN"": 2, ""UNSUPPORTED"": 15, ""TRANSFER_OUT"": 3}",0,"{""signature_scan_id"": ""79"", ""cached_transactions"": 284}",0,,2593.40,extractor v1; balance-normalizer v1,15,7vBb4gRWEFEeo4BqVp6gofACgnuvzxgnsvdTZ8a2arNx,29,2,"[""closed episodes 2 < 30"", ""distinct tokens 1 < 20"", ""losing episodes 0 < 5 (profit factor not meaningful)"", ""profit factor n/a < 1.2"", ""single token share 10000 bps""]",0,0,"binance-1m-open:SOLUSDT,USDCUSDT;USDT=USD parity;v1",False,observed_buyer,True,0.025624,216,603.97,1,1989.43,4,216,1,"[""UNKNOWN_COST_BASIS"", ""INSUFFICIENT_SAMPLE"", ""LOW_PF"", ""RISK_OR_COPYABILITY_FAIL""]",2,147256.94,1,1,0,2026-09-28T15:32:12.000Z,2026-09-28T13:01:55.000Z,2026-08-28T16:43:02.000Z,True,0.003344,286,"[""JUPyiwrYJFskUPiHa7hkeR8VUtAeFoSYbKedZNsDvCN""]",UNKNOWN_COST_BASIS,1,2026-08-29T15:32:12.000Z,2026-09-28T12:22:00.234Z,10000,-4859.80,284,0.00,15,2,4,1102.01,0.00,0.7671
"{""status"": ""REJECTED"", ""reasons"": [""closed episodes 0 < 30"", ""distinct tokens 0 < 20"", ""total PnL -6394.46 USD not positive"", ""profit factor 0.00 < 1.2"", ""single token share null bps""], ""total_pnl_usd"": ""-6394.45603432974089853979148"", ""closed_episodes"": 0}",513,0,"{""BUY"": 29, ""SELL"": 5, ""BASE_ONLY"": 82, ""TRANSFER_IN"": 512, ""TRANSFER_OUT"": 1}",0,"{""signature_scan_id"": ""118"", ""cached_transactions"": 629}",0,4602.265,3281.44,extractor v1; balance-normalizer v1,0,9ZGTaj6wHbD63MkAxu8DuPzPZEmvWvUmtKGpCRw2B7T1,14,1,"[""closed episodes 1 < 30"", ""distinct tokens 1 < 20"", ""losing episodes 1 < 5 (profit factor not meaningful)"", ""single token share 9848 bps""]",1,1,"binance-1m-open:SOLUSDT,USDCUSDT;USDT=USD parity;v1",False,observed_buyer,True,0.000835,34,-0.71,850,3282.16,5,34,850,"[""UNKNOWN_COST_BASIS"", ""INSUFFICIENT_SAMPLE"", ""RISK_OR_COPYABILITY_FAIL""]",53,4775.13,0,1,0,2026-09-28T13:49:11.000Z,2026-09-28T13:48:55.000Z,2026-08-29T12:02:20.000Z,True,-0.030587,682,"[""Ai66LHZG9MCzg1WKdawwqduVAXpNDUuV8M3uyq5ppump""]",UNKNOWN_COST_BASIS,2,2026-08-29T13:49:11.000Z,2026-09-28T12:22:00.234Z,9848,-2794.83,629,49.37,0,0,513,8.96,3281.44,0.9847
"{""status"": ""REJECTED"", ""reasons"": [""closed episodes 8 < 30"", ""distinct tokens 2 < 20"", ""coverage 7605 bps < 9000"", ""total PnL -360.99 USD not positive"", ""profit factor 0.15 < 1.2"", ""single token share 7227 bps""], ""total_pnl_usd"": ""-360.9865093233915041263815"", ""closed_episodes"": 8}",41,0,"{""BUY"": 47, ""SELL"": 15, ""BASE_ONLY"": 104, ""NO_CHANGE"": 2, ""TRANSFER_IN"": 4, ""UNSUPPORTED"": 3, ""TRANSFER_OUT"": 37}",0,"{""signature_scan_id"": ""117"", ""cached_transactions"": 212}",0,1.486,37.17,extractor v1; balance-normalizer v1,3,9y8LCUcCCg4msgGrX9evytpyz9eM4V8bfeRAP3m1afEL,20,11,"[""closed episodes 11 < 30"", ""distinct tokens 2 < 20"", ""single token share 5894 bps""]",8,1,"binance-1m-open:SOLUSDT,USDCUSDT;USDT=USD parity;v1",False,observed_buyer,True,0.033029,62,39.82,290,-2.65,46,62,290,"[""UNKNOWN_COST_BASIS"", ""INSUFFICIENT_SAMPLE"", ""RISK_OR_COPYABILITY_FAIL""]",3,26602.32,1,2,0,2026-09-28T13:49:11.000Z,2026-09-28T12:41:57.000Z,2026-08-29T11:15:21.000Z,True,0.010538,215,"[""JUPyiwrYJFskUPiHa7hkeR8VUtAeFoSYbKedZNsDvCN""]",UNKNOWN_COST_BASIS,34,2026-08-29T13:49:11.000Z,2026-09-28T12:22:00.234Z,5894,-14.63,212,-18.78,3,1,40,1019.95,-18.78,0.4302
"{""status"": ""REJECTED"", ""reasons"": [""closed episodes 0 < 30"", ""distinct tokens 0 < 20"", ""active days 0 < 7"", ""coverage 0 bps < 9000"", ""total PnL 0.00 USD not positive"", ""losing episodes 0 < 5 (profit factor not meaningful)"", ""profit factor n/a < 1.2"", ""single token share null bps"", ""history truncated or unavailable (coverage unknown)""], ""total_pnl_usd"": ""0"", ""closed_episodes"": 0}",22,0,"{""BUY"": 71, ""SELL"": 47, ""BASE_ONLY"": 40, ""NO_CHANGE"": 3, ""TRANSFER_IN"": 22, ""UNSUPPORTED"": 15}",0,"{""signature_scan_id"": ""168"", ""cached_transactions"": 198}",0,4.848,20319.89,extractor v1; balance-normalizer v1,15,DU4b9PoWBvuoXXbFw6cev3aHC88gJwgSyyUBgs7vs73h,16,4,"[""closed episodes 4 < 30"", ""distinct tokens 1 < 20"", ""losing episodes 3 < 5 (profit factor not meaningful)"", ""single token share 10000 bps""]",3,1,"binance-1m-open:SOLUSDT,USDCUSDT;USDT=USD parity;v1",False,observed_buyer,True,0.053088,118,20319.89,260,0.00,6,118,260,"[""UNKNOWN_COST_BASIS"", ""INSUFFICIENT_SAMPLE"", ""RISK_OR_COPYABILITY_FAIL""]",5,1384545.91,16,1,0,2026-09-28T13:49:11.000Z,2026-09-28T12:11:54.000Z,2026-08-24T16:00:29.000Z,True,0.006551,203,"[""6GmAFSYs4gk3FDao5FzzySQpPZaWsa4rUJHacpMpUNgx""]",UNKNOWN_COST_BASIS,2,2026-08-29T13:49:11.000Z,2026-09-28T12:12:19.173Z,10000,0.00,198,0.00,15,3,6,4116.25,0.00,1.0000
"{""status"": ""REJECTED"", ""reasons"": [""closed episodes 0 < 30"", ""distinct tokens 0 < 20"", ""active days 0 < 7"", ""coverage 0 bps < 9000"", ""total PnL 0.00 USD not positive"", ""losing episodes 0 < 5 (profit factor not meaningful)"", ""profit factor n/a < 1.2"", ""single token share null bps"", ""history truncated or unavailable (coverage unknown)""], ""total_pnl_usd"": ""0"", ""closed_episodes"": 0}",2,0,"{""BUY"": 7, ""SELL"": 5, ""BASE_ONLY"": 1, ""UNSUPPORTED"": 1, ""TRANSFER_OUT"": 2}",0,"{""signature_scan_id"": ""169"", ""cached_transactions"": 16}",0,,22.42,extractor v1; balance-normalizer v1,1,DYf6pBPNdgvwMqaNeGMCxsjJHrwH9Pfa5f8YmkrryL3L,8,1,"[""closed episodes 1 < 30"", ""distinct tokens 1 < 20"", ""losing episodes 0 < 5 (profit factor not meaningful)"", ""profit factor n/a < 1.2"", ""single token share 10000 bps""]",0,1,"binance-1m-open:SOLUSDT,USDCUSDT;USDT=USD parity;v1",False,observed_buyer,True,0.000994,12,9.86,19,12.57,3,12,19,"[""UNKNOWN_COST_BASIS"", ""INSUFFICIENT_SAMPLE"", ""LOW_PF"", ""RISK_OR_COPYABILITY_FAIL""]",5,984.51,0,1,0,2026-09-28T13:49:11.000Z,2026-09-28T12:09:03.000Z,2026-06-13T12:14:42.000Z,True,0.008227,21,"[""4k3Dyjzvzp8eMZWUXbBCjEvwSkkk59S5iCNLY3QrkX6R""]",UNKNOWN_COST_BASIS,1,2026-08-29T13:49:11.000Z,2026-09-28T12:12:19.173Z,10000,-57.01,16,0.00,1,1,2,82.34,0.00,0.5604
"{""status"": ""REJECTED"", ""reasons"": [""closed episodes 0 < 30"", ""distinct tokens 0 < 20"", ""active days 0 < 7"", ""coverage 0 bps < 9000"", ""total PnL 0.00 USD not positive"", ""losing episodes 0 < 5 (profit factor not meaningful)"", ""profit factor n/a < 1.2"", ""single token share null bps"", ""history truncated or unavailable (coverage unknown)""], ""total_pnl_usd"": ""0"", ""closed_episodes"": 0}",14,0,"{""BUY"": 19, ""SELL"": 2, ""BASE_ONLY"": 235, ""NO_CHANGE"": 2, ""TRANSFER_IN"": 7, ""TRANSFER_OUT"": 7}",0,"{""signature_scan_id"": ""173"", ""cached_transactions"": 272}",0,0.473,-66.03,extractor v1; balance-normalizer v1,0,EpTNUjJfigFtmc1ZKtEPWFwqQuvVUq6YDjC8jrfA7sfR,8,1,"[""closed episodes 1 < 30"", ""distinct tokens 1 < 20"", ""total PnL -66.03 USD not positive"", ""profit factor 0.47 < 1.2"", ""single token share 10000 bps""]",5,1,"binance-1m-open:SOLUSDT,USDCUSDT;USDT=USD parity;v1",False,observed_buyer,True,0.002024,21,-30.02,369,-36.01,9,21,369,"[""UNKNOWN_COST_BASIS"", ""INSUFFICIENT_SAMPLE"", ""NEGATIVE_PNL"", ""LOW_PF"", ""RISK_OR_COPYABILITY_FAIL""]",217,1039.15,6,1,0,2026-09-28T13:49:11.000Z,2026-09-28T12:12:06.000Z,2026-08-28T17:22:57.000Z,True,-0.002126,489,"[""Ai66LHZG9MCzg1WKdawwqduVAXpNDUuV8M3uyq5ppump""]",UNKNOWN_COST_BASIS,3,2026-08-29T13:49:11.000Z,2026-09-28T12:12:19.173Z,10000,-186.83,272,-125.30,0,1,7,123.31,-66.03,1.0000
"{""status"": ""REJECTED"", ""reasons"": [""closed episodes 0 < 30"", ""distinct tokens 0 < 20"", ""active days 0 < 7"", ""coverage 0 bps < 9000"", ""total PnL 0.00 USD not positive"", ""losing episodes 0 < 5 (profit factor not meaningful)"", ""profit factor n/a < 1.2"", ""single token share null bps"", ""history truncated or unavailable (coverage unknown)""], ""total_pnl_usd"": ""0"", ""closed_episodes"": 0}",5,38,"{""BUY"": 111, ""SELL"": 17, ""BASE_ONLY"": 28, ""NO_CHANGE"": 1, ""TRANSFER_IN"": 2, ""TRANSFER_OUT"": 3}",0,"{""signature_scan_id"": ""178"", ""cached_transactions"": 162}",0,0.000,-6466.39,extractor v1; balance-normalizer v1,0,EypPWAYpz8zcLJ76HutNzjhJJ9eqLF9fDDh6Psa5UGEF,7,4,"[""closed episodes 4 < 30"", ""distinct tokens 3 < 20"", ""total PnL -6466.39 USD not positive"", ""losing episodes 4 < 5 (profit factor not meaningful)"", ""profit factor 0.00 < 1.2"", ""single token share null bps""]",4,0,"binance-1m-open:SOLUSDT,USDCUSDT;USDT=USD parity;v1",False,observed_buyer,True,0.016647,128,-6466.39,169,0.00,6,128,169,"[""UNKNOWN_COST_BASIS"", ""INSUFFICIENT_SAMPLE"", ""NEGATIVE_PNL"", ""LOW_PF"", ""RISK_OR_COPYABILITY_FAIL""]",0,25508.05,1,3,0,2026-09-28T15:32:12.000Z,2026-09-28T12:47:53.000Z,2026-09-21T20:07:58.000Z,True,0.006232,162,"[""CbcyNo7m1amFWqEQm2m4PLv1UNvpcL3C1Ujm6AkzpKoU""]",UNKNOWN_COST_BASIS,2,2026-08-29T15:32:12.000Z,2026-09-28T12:06:53.638Z,,0.00,162,-6004.47,0,0,3,3838.75,-3439.41,
"{""status"": ""REJECTED"", ""reasons"": [""closed episodes 0 < 30"", ""distinct tokens 0 < 20"", ""active days 0 < 7"", ""coverage 0 bps < 9000"", ""total PnL 0.00 USD not positive"", ""losing episodes 0 < 5 (profit factor not meaningful)"", ""profit factor n/a < 1.2"", ""single token share null bps"", ""history truncated or unavailable (coverage unknown)""], ""total_pnl_usd"": ""0"", ""closed_episodes"": 0}",1,0,"{""BUY"": 61, ""SELL"": 71, ""BASE_ONLY"": 5, ""TRANSFER_IN"": 1}",0,"{""signature_scan_id"": ""195"", ""cached_transactions"": 138}",0,,0.00,extractor v1; balance-normalizer v1,0,GCbPwDd5xUTKT9t4vASvhHWF4ZjC6TngvhNjgYa5jUkv,2,0,"[""closed episodes 0 < 30"", ""distinct tokens 0 < 20"", ""active days 2 < 7"", ""total PnL 0.00 USD not positive"", ""losing episodes 0 < 5 (profit factor not meaningful)"", ""profit factor n/a < 1.2"", ""single token share null bps""]",0,2,"binance-1m-open:SOLUSDT,USDCUSDT;USDT=USD parity;v1",False,observed_buyer,True,0.032620,132,0.00,186,0.00,1,132,186,"[""UNKNOWN_COST_BASIS"", ""INSUFFICIENT_SAMPLE"", ""NEGATIVE_PNL"", ""LOW_PF"", ""RISK_OR_COPYABILITY_FAIL""]",21,17503.65,0,0,0,2026-09-28T13:49:11.000Z,2026-09-28T13:51:15.000Z,2026-09-27T21:27:50.000Z,True,0.000000,159,"[""6GmAFSYs4gk3FDao5FzzySQpPZaWsa4rUJHacpMpUNgx""]",UNKNOWN_COST_BASIS,1,2026-08-29T13:49:11.000Z,2026-09-28T12:12:19.173Z,,0.00,138,0.00,0,0,1,,0.00,
"{""status"": ""REJECTED"", ""reasons"": [""closed episodes 6 < 30"", ""distinct tokens 4 < 20"", ""total PnL -389.71 USD not positive"", ""profit factor 0.29 < 1.2"", ""single token share 9000 bps""], ""total_pnl_usd"": ""-389.707771440339433474513429304"", ""closed_episodes"": 6}",51,862,"{""BUY"": 423, ""SELL"": 216, ""BASE_ONLY"": 96, ""NO_CHANGE"": 17, ""TRANSFER_IN"": 12, ""UNSUPPORTED"": 63, ""TRANSFER_OUT"": 39}",0,"{""signature_scan_id"": ""201"", ""cached_transactions"": 866}",0,0.135,-138.14,extractor v1; balance-normalizer v1,63,GTi6yDXehADWwxpNKXevyPhikhvoLGh2XMQkEQQHFtx6,21,14,"[""closed episodes 14 < 30"", ""distinct tokens 9 < 20"", ""total PnL -138.14 USD not positive"", ""profit factor 0.14 < 1.2"", ""single token share 6194 bps""]",9,0,"binance-1m-open:SOLUSDT,USDCUSDT;USDT=USD parity;v1",False,observed_buyer,True,0.001622,639,-128.43,4,-9.72,38,639,4,"[""UNKNOWN_COST_BASIS"", ""INSUFFICIENT_SAMPLE"", ""NEGATIVE_PNL"", ""LOW_PF"", ""RISK_OR_COPYABILITY_FAIL""]",7,5320.97,0,9,0,2026-09-28T15:32:12.000Z,2026-09-28T06:33:36.000Z,2026-08-29T13:39:09.000Z,True,-0.195299,873,"[""CGfVJX4D35wE8kviKKE1XyKU9EHRXe4Zsw3R55ABpump""]",UNKNOWN_COST_BASIS,23,2026-08-29T15:32:12.000Z,2026-09-28T12:12:19.173Z,6194,-15.79,866,-151.54,63,2,51,10.44,-138.14,0.2190
"{""status"": ""REJECTED"", ""reasons"": [""closed episodes 3 < 30"", ""distinct tokens 3 < 20"", ""active days 5 < 7"", ""coverage 5862 bps < 9000"", ""total PnL -131.15 USD not positive"", ""profit factor 0.00 < 1.2"", ""single token share null bps""], ""total_pnl_usd"": ""-131.1493614002153224160569696"", ""closed_episodes"": 3}",17,0,"{""BUY"": 14, ""SELL"": 7, ""BASE_ONLY"": 26, ""TRANSFER_IN"": 6, ""TRANSFER_OUT"": 11}",0,"{""signature_scan_id"": ""199"", ""cached_transactions"": 64}",0,0.000,-21.18,extractor v1; balance-normalizer v1,0,GnCbhC8ebmSujWLAPSv2SfwSq9cDWUMdqaSASSG65P6,6,5,"[""closed episodes 5 < 30"", ""distinct tokens 5 < 20"", ""active days 6 < 7"", ""total PnL -21.18 USD not positive"", ""profit factor 0.00 < 1.2"", ""single token share null bps""]",9,1,"binance-1m-open:SOLUSDT,USDCUSDT;USDT=USD parity;v1",False,observed_buyer,True,0.002487,21,-11.47,77,-9.71,15,21,77,"[""UNKNOWN_COST_BASIS"", ""INSUFFICIENT_SAMPLE"", ""NEGATIVE_PNL"", ""LOW_PF"", ""RISK_OR_COPYABILITY_FAIL""]",1,274.04,8,5,0,2026-09-28T13:49:11.000Z,2026-09-28T12:22:56.000Z,2026-03-12T01:53:48.000Z,True,0.000875,65,"[""Ai66LHZG9MCzg1WKdawwqduVAXpNDUuV8M3uyq5ppump""]",UNKNOWN_COST_BASIS,6,2026-08-29T13:49:11.000Z,2026-09-28T12:22:00.234Z,,-24.50,64,-20.82,0,0,6,16.18,-20.72,
"{""status"": ""REJECTED"", ""reasons"": [""closed episodes 0 < 30"", ""distinct tokens 0 < 20"", ""active days 0 < 7"", ""coverage 0 bps < 9000"", ""total PnL 0.00 USD not positive"", ""losing episodes 0 < 5 (profit factor not meaningful)"", ""profit factor n/a < 1.2"", ""single token share null bps"", ""history truncated or unavailable (coverage unknown)""], ""total_pnl_usd"": ""0"", ""closed_episodes"": 0}",122,0,"{""BUY"": 367, ""SELL"": 111, ""BASE_ONLY"": 329, ""NO_CHANGE"": 1, ""TRANSFER_IN"": 62, ""UNSUPPORTED"": 18, ""TRANSFER_OUT"": 60}",0,"{""signature_scan_id"": ""203"", ""cached_transactions"": 948}",0,0.226,-293.35,extractor v1; balance-normalizer v1,18,GvRHFnukEhxH52PFEErU8DhEE9HgwFWgsAhaenVrgNJJ,20,59,"[""total PnL -293.35 USD not positive"", ""profit factor 0.23 < 1.2"", ""single token share 4226 bps""]",57,2,"binance-1m-open:SOLUSDT,USDCUSDT;USDT=USD parity;v1",False,observed_buyer,True,0.055251,478,-215.29,1295,-78.06,105,478,1295,"[""UNKNOWN_COST_BASIS"", ""NEGATIVE_PNL"", ""LOW_PF"", ""RISK_OR_COPYABILITY_FAIL""]",80,6850.46,23,24,4,2026-09-28T13:49:11.000Z,2026-09-28T13:37:05.000Z,2026-08-29T13:45:25.000Z,True,-0.024426,1028,"[""CbcyNo7m1amFWqEQm2m4PLv1UNvpcL3C1Ujm6AkzpKoU""]",UNKNOWN_COST_BASIS,35,2026-08-29T13:49:11.000Z,2026-09-28T12:06:53.638Z,4226,-181.55,948,-329.48,18,1,65,24.42,-316.64,0.4225
"{""status"": ""REJECTED"", ""reasons"": [""closed episodes 0 < 30"", ""distinct tokens 0 < 20"", ""active days 3 < 7"", ""coverage 1276 bps < 9000"", ""total PnL -2.83 USD not positive"", ""losing episodes 3 < 5 (profit factor not meaningful)"", ""profit factor 0.00 < 1.2"", ""single token share null bps""], ""total_pnl_usd"": ""-2.8279039890898139493726115"", ""closed_episodes"": 0}",38,190,"{""BUY"": 43, ""SELL"": 40, ""BASE_ONLY"": 62, ""NO_CHANGE"": 2, ""TRANSFER_IN"": 1, ""UNSUPPORTED"": 7, ""TRANSFER_OUT"": 37}",0,"{""signature_scan_id"": ""204"", ""cached_transactions"": 192}",0,0.000,-0.74,extractor v1; balance-normalizer v1,7,H1tqoCoYQYVxZvyvETTykoYY3fj9gukgCgBzk7mJedkj,3,1,"[""closed episodes 1 < 30"", ""distinct tokens 1 < 20"", ""active days 3 < 7"", ""total PnL -0.74 USD not positive"", ""profit factor 0.00 < 1.2"", ""single token share null bps""]",8,0,"binance-1m-open:SOLUSDT,USDCUSDT;USDT=USD parity;v1",False,observed_buyer,True,0.002980,83,-0.05,2,-0.69,42,83,2,"[""UNKNOWN_COST_BASIS"", ""INSUFFICIENT_SAMPLE"", ""NEGATIVE_PNL"", ""LOW_PF"", ""RISK_OR_COPYABILITY_FAIL""]",1,86.47,0,1,0,2026-09-28T15:32:12.000Z,2026-09-28T13:12:29.000Z,2026-09-26T17:52:10.000Z,True,-0.001514,193,"[""3iUTyNYW6xKv5kZUjtbrEDTsuJTrSVwvB3bQtxkLpump""]",UNKNOWN_COST_BASIS,34,2026-08-29T15:32:12.000Z,2026-09-28T12:22:00.234Z,,-0.74,192,-0.70,7,0,38,1.17,-0.74,
